SUMLEV,REGION,DIVISION,STATE,COUNTY,STNAME,CTYNAME,CENSUS2010POP,ESTIMATESBASE2010,POPESTIMATE2010,POPESTIMATE2011,POPESTIMATE2012,POPESTIMATE2013,POPESTIMATE2014,POPESTIMATE2015,POPESTIMATE2016,POPESTIMATE2017,POPESTIMATE2018,NPOPCHG_2010,NPOPCHG_2011,NPOPCHG_2012,NPOPCHG_2013,NPOPCHG_2014,NPOPCHG_2015,NPOPCHG_2016,NPOPCHG_2017,NPOPCHG_2018,BIRTHS2010,BIRTHS2011,BIRTHS2012,BIRTHS2013,BIRTHS2014,BIRTHS2015,BIRTHS2016,BIRTHS2017,BIRTHS2018,DEATHS2010,DEATHS2011,DEATHS2012,DEATHS2013,DEATHS2014,DEATHS2015,DEATHS2016,DEATHS2017,DEATHS2018,NATURALINC2010,NATURALINC2011,NATURALINC2012,NATURALINC2013,NATURALINC2014,NATURALINC2015,NATURALINC2016,NATURALINC2017,NATURALINC2018,INTERNATIONALMIG2010,INTERNATIONALMIG2011,INTERNATIONALMIG2012,INTERNATIONALMIG2013,INTERNATIONALMIG2014,INTERNATIONALMIG2015,INTERNATIONALMIG2016,INTERNATIONALMIG2017,INTERNATIONALMIG2018,DOMESTICMIG2010,DOMESTICMIG2011,DOMESTICMIG2012,DOMESTICMIG2013,DOMESTICMIG2014,DOMESTICMIG2015,DOMESTICMIG2016,DOMESTICMIG2017,DOMESTICMIG2018,NETMIG2010,NETMIG2011,NETMIG2012,NETMIG2013,NETMIG2014,NETMIG2015,NETMIG2016,NETMIG2017,NETMIG2018,RESIDUAL2010,RESIDUAL2011,RESIDUAL2012,RESIDUAL2013,RESIDUAL2014,RESIDUAL2015,RESIDUAL2016,RESIDUAL2017,RESIDUAL2018,GQESTIMATESBASE2010,GQESTIMATES2010,GQESTIMATES2011,GQESTIMATES2012,GQESTIMATES2013,GQESTIMATES2014,GQESTIMATES2015,GQESTIMATES2016,GQESTIMATES2017,GQESTIMATES2018,RBIRTH2011,RBIRTH2012,RBIRTH2013,RBIRTH2014,RBIRTH2015,RBIRTH2016,RBIRTH2017,RBIRTH2018,RDEATH2011,RDEATH2012,RDEATH2013,RDEATH2014,RDEATH2015,RDEATH2016,RDEATH2017,RDEATH2018,RNATURALINC2011,RNATURALINC2012,RNATURALINC2013,RNATURALINC2014,RNATURALINC2015,RNATURALINC2016,RNATURALINC2017,RNATURALINC2018,RINTERNATIONALMIG2011,RINTERNATIONALMIG2012,RINTERNATIONALMIG2013,RINTERNATIONALMIG2014,RINTERNATIONALMIG2015,RINTERNATIONALMIG2016,RINTERNATIONALMIG2017,RINTERNATIONALMIG2018,RDOMESTICMIG2011,RDOMESTICMIG2012,RDOMESTICMIG2013,RDOMESTICMIG2014,RDOMESTICMIG2015,RDOMESTICMIG2016,RDOMESTICMIG2017,RDOMESTICMIG2018,RNETMIG2011,RNETMIG2012,RNETMIG2013,RNETMIG2014,RNETMIG2015,RNETMIG2016,RNETMIG2017,RNETMIG2018
50,3,6,21,1,Kentucky,Adair County,18656,18661,18761,18991,18937,19126,19265,19168,19264,19294,19215,100,230,-54,189,139,-97,96,30,-79,39,195,179,231,221,205,222,224,207,31,185,187,203,182,195,182,221,235,8,10,-8,28,39,10,40,3,-28,1,4,-1,19,6,8,8,6,6,78,211,-41,139,95,-118,48,23,-57,79,215,-42,158,101,-110,56,29,-51,13,5,-4,3,-1,3,0,-2,0,1055,1180,1299,1312,1364,1408,1254,1258,1179,1185,10.33057851,9.438936933,12.13777159,11.51311505,10.66791559,11.55287261,11.6188599,10.7507336,9.800805255,9.860788863,10.66652655,9.481388867,10.14752947,9.471273938,11.46325017,12.20493911,0.529773257,-0.42185193,1.471245041,2.031726186,0.520386127,2.081598668,0.155609731,-1.45420551,0.211909303,-0.052731491,0.998344849,0.312573259,0.416308901,0.416319734,0.311219462,0.311615467,11.17821572,-2.161991141,7.30368074,4.949076607,-6.140556293,2.497918401,1.193007936,-2.960346932,11.39012503,-2.214722632,8.302025589,5.261649866,-5.724247392,2.914238135,1.504227398,-2.648731465
50,3,6,21,11,Kentucky,Bath County,11591,11585,11616,11714,11781,11974,12131,12201,12245,12378,12383,31,98,67,193,157,70,44,133,5,36,148,149,183,163,161,167,168,159,18,155,133,129,134,140,166,133,163,18,-7,16,54,29,21,1,35,-4,1,3,2,-2,0,3,3,3,2,12,101,49,141,127,47,40,96,8,13,104,51,139,127,50,43,99,10,0,1,0,0,1,-1,0,-1,-1,103,103,103,103,103,103,103,103,103,103,12.68752679,12.68354969,15.40728268,13.52416511,13.23360184,13.66276692,13.64577834,12.84277695,13.28761252,11.32155778,10.8608714,11.11802531,11.50747986,13.58095394,10.80290785,13.16586568,-0.600085727,1.361991913,4.546411282,2.406139805,1.726121979,0.081812976,2.842870487,-0.323088728,0.257179597,0.170248989,-0.168385603,0,0.246588854,0.245438927,0.243674613,0.161544364,8.658379769,4.171100234,11.87118501,10.53723294,3.863225382,3.272519022,7.797587621,0.646177457,8.915559366,4.341349223,11.70279941,10.53723294,4.109814236,3.517957948,8.041262235,0.807721821
50,3,6,21,21,Kentucky,Boyle County,28432,28437,28668,28796,29021,29634,29810,29762,29933,29958,30100,231,128,225,613,176,-48,171,25,142,83,302,292,302,340,324,322,314,321,58,322,328,265,310,335,328,319,323,25,-20,-36,37,30,-11,-6,-5,-2,4,7,8,20,12,16,16,15,14,183,143,249,540,139,-49,162,17,132,187,150,257,560,151,-33,178,32,146,19,-2,4,16,-5,-4,-1,-2,-2,2301,2461,2502,2654,3200,3211,3225,3242,3254,3267,10.51092858,10.10083539,10.29750234,11.43933786,10.8775935,10.78817321,10.48571572,10.68966666,11.20701657,11.34614387,9.035887819,10.42998452,11.24689451,10.98919508,10.65268571,10.75626894,-0.696087986,-1.245308473,1.261614526,1.009353341,-0.369301014,-0.201021861,-0.166969995,-0.066602284,0.243630795,0.276735216,0.681953798,0.403741336,0.537165111,0.536058296,0.500909987,0.466215991,4.977029097,8.613383607,18.41275254,4.67667048,-1.645068153,5.42759025,0.567697985,4.395750774,5.220659891,8.890118823,19.09470633,5.080411816,-1.107903042,5.963648547,1.068607971,4.861966766
50,3,6,21,31,Kentucky,Butler County,12690,12697,12734,12717,12740,12704,12736,12734,12683,12798,12772,37,-17,23,-36,32,-2,-51,115,-26,36,144,147,145,175,155,154,150,149,15,154,154,135,148,140,164,143,128,21,-10,-7,10,27,15,-10,7,21,4,19,24,0,1,1,1,0,0,13,-25,4,-45,6,-18,-42,110,-46,17,-6,28,-45,7,-17,-41,110,-46,-1,-1,2,-1,-2,0,0,-2,-1,203,203,203,203,203,203,203,203,203,203,11.31586185,11.54888636,11.397579,13.75786164,12.17118178,12.11787386,11.77347828,11.65428236,12.10168559,12.09883333,10.61153907,11.63522013,10.99332548,12.90474879,11.22404929,10.0117325,-0.78582374,-0.549946969,0.786039931,2.122641509,1.177856302,-0.786874926,0.549428986,1.642549863,1.493065106,1.885532467,0,0.078616352,0.078523753,0.078687493,0,0,-1.964559349,0.314255411,-3.537179689,0.471698113,-1.413427562,-3.30487469,8.633884071,-3.597966367,-0.471494244,2.199787878,-3.537179689,0.550314465,-1.334903808,-3.226187198,8.633884071,-3.597966367
50,3,6,21,41,Kentucky,Carroll County,10811,10807,10806,10996,10882,10850,10755,10700,10633,10728,10737,-1,190,-114,-32,-95,-55,-67,95,9,39,166,167,160,143,171,164,155,153,14,113,133,129,112,154,156,129,123,25,53,34,31,31,17,8,26,30,7,35,22,5,-7,0,0,0,0,-34,100,-174,-68,-122,-71,-76,70,-21,-27,135,-152,-63,-129,-71,-76,70,-21,1,2,4,0,3,-1,1,-1,0,325,325,325,325,325,325,325,325,325,325,15.22796074,15.26647774,14.72482974,13.23767646,15.94034025,15.37524024,14.51242919,14.2557652,10.36602147,12.15833257,11.87189398,10.36797038,14.35562806,14.62522852,12.07808623,11.46051712,4.861939272,3.108145169,2.852935763,2.869706087,1.584712188,0.750011719,2.434342962,2.795248078,3.210714613,2.011152756,0.46015093,-0.647998149,0,0,0,0,9.173470324,-15.90638998,-6.258052641,-11.29368202,-6.618503845,-7.12511133,6.554000281,-1.956673655,12.38418494,-13.89523722,-5.797901712,-11.94168017,-6.618503845,-7.12511133,6.554000281,-1.956673655
50,3,6,21,51,Kentucky,Clay County,21730,21729,21660,21594,21527,21198,21094,20990,20643,20273,20105,-69,-66,-67,-329,-104,-104,-347,-370,-168,79,298,303,272,297,280,260,231,222,91,289,268,244,240,234,304,261,236,-12,9,35,28,57,46,-44,-30,-14,1,-1,1,5,7,10,11,12,18,-62,-74,-103,-368,-171,-160,-317,-355,-171,-61,-75,-102,-363,-164,-150,-306,-343,-153,4,0,0,6,3,0,3,3,-1,2240,2208,2209,2183,2093,2064,2034,1867,1714,1708,13.77907246,14.05347742,12.73259216,14.0452095,13.30671989,12.49009199,11.29142634,10.99608698,13.36292597,12.43013845,11.42188414,11.34966424,11.12061591,14.60379987,12.75784534,11.68953391,0.416146484,1.623338976,1.310708016,2.695545257,2.186103983,-2.113707876,-1.466419005,-0.693446927,-0.046238498,0.046381114,0.234055003,0.331031874,0.475239996,0.528426969,0.586567602,0.89157462,-3.421648865,-4.777254702,-17.22644822,-8.0866357699999991,-7.603839939,-15.22830447,-17.35262489,-8.469958889,-3.467887363,-4.730873588,-16.99239321,-7.755603897,-7.128599943,-14.6998775,-16.76605729,-7.578384269
50,3,6,21,61,Kentucky,Edmonson County,12161,12177,12228,12230,12095,12062,12010,11995,12081,12248,12274,51,2,-135,-33,-52,-15,86,167,26,26,112,100,97,107,110,114,123,123,18,124,122,143,138,148,134,148,151,8,-12,-22,-46,-31,-38,-20,-25,-28,-1,-1,5,9,2,1,1,-1,-1,39,17,-119,7,-22,25,105,192,55,38,16,-114,16,-20,26,106,191,54,5,-2,1,-3,-1,-3,0,1,0,323,351,348,351,357,351,353,353,353,354,9.158557527,8.221993834,8.030798526,8.889996677,9.164757342,9.47001163,10.1113897,10.03180817,10.13983155,10.03083248,11.83921845,11.46560319,12.33076442,11.13141718,12.16655021,12.31547182,-0.981274021,-1.808838643,-3.80841992,-2.575606514,-3.166007082,-1.661405549,-2.055160508,-2.283663649,-0.081772835,0.411099692,0.745125637,0.166168162,0.083315976,0.083070278,-0.08220642,-0.081559416,1.390138196,-9.784172662,0.579542162,-1.827849784,2.082899396,8.722379133,15.7836327,4.485767882,1.308365361,-9.37307297,1.324667798,-1.661681622,2.166215372,8.80544941,15.70142628,4.404208466
50,3,6,21,71,Kentucky,Floyd County,39451,39450,39931,39755,39147,38486,38010,37535,36979,36261,35845,481,-176,-608,-661,-476,-475,-556,-718,-416,130,540,542,530,474,460,455,428,398,155,516,522,516,467,509,556,547,534,-25,24,20,14,7,-49,-101,-119,-136,2,4,13,12,9,10,12,7,7,444,-202,-660,-701,-500,-439,-467,-609,-287,446,-198,-647,-689,-491,-429,-455,-602,-280,60,-2,19,14,8,3,0,3,0,790,1310,1326,988,681,671,668,673,669,667,13.5531963,13.73856176,13.65398735,12.39280485,12.17817195,12.21247014,11.6876024,11.03930325,12.95083202,13.23160376,13.29331599,12.20978875,13.47541201,14.92337011,14.93719279,14.81152747,0.60236428,0.506957999,0.360671364,0.183016105,-1.297240056,-2.710899965,-3.249590388,-3.772224225,0.100394047,0.329522699,0.309146883,0.235306421,0.264742869,0.322087125,0.191152376,0.1941586,-5.069899355,-16.72961395,-18.05933044,-13.07257896,-11.62221193,-12.53455726,-16.63025669,-7.960502593,-4.969505308,-16.40009125,-17.75018356,-12.83727254,-11.35746906,-12.21247014,-16.43910431,-7.766343994
50,3,6,21,81,Kentucky,Grant County,24662,24658,24680,24757,24507,24553,24814,24727,24915,25000,25121,22,77,-250,46,261,-87,188,85,121,84,347,378,321,371,362,375,385,394,30,185,229,228,221,233,255,248,247,54,162,149,93,150,129,120,137,147,-1,-8,-4,-4,-8,-4,-4,-5,-5,-30,-77,-406,-40,123,-211,71,-46,-19,-31,-85,-410,-44,115,-215,67,-51,-24,-1,0,11,-3,-4,-1,1,-1,-2,457,457,457,457,457,457,456,456,456,456,14.03806865,15.34589152,13.08601712,15.03028339,14.61415797,15.10817453,15.42622458,15.72195287,7.484272913,9.296849627,9.294741133,8.953349403,9.406350296,10.27355868,9.936892718,9.856148122,6.55379574,6.049041897,3.791275989,6.076933984,5.207807675,4.83461585,5.489331864,5.865804753,-0.323644234,-0.162390386,-0.163065634,-0.324103146,-0.161482409,-0.161153862,-0.200340579,-0.199517168,-3.115075753,-16.48262423,-1.630656339,4.983085867,-8.518197049,2.860481044,-1.843133327,-0.75816524,-3.438719987,-16.64501462,-1.793721973,4.658982721,-8.679679457,2.699327183,-2.043473906,-0.957682409
50,3,6,21,91,Kentucky,Hancock County,8565,8565,8551,8590,8643,8630,8685,8644,8728,8778,8758,-14,39,53,-13,55,-41,84,50,-20,25,104,114,105,104,124,123,124,115,31,83,65,95,82,75,83,85,81,-6,21,49,10,22,49,40,39,34,0,-2,-1,-1,-1,-2,-1,-2,-2,-7,21,7,-22,36,-89,44,14,-51,-7,19,6,-23,35,-91,43,12,-53,-1,-1,-2,0,-2,1,1,-1,-1,90,90,90,90,90,90,90,90,90,90,12.13464792,13.23042999,12.15770277,12.01270575,14.31127013,14.1607184,14.16657146,13.11587591,9.684382475,7.543666222,10.99982632,9.471556454,8.656010156,9.555606724,9.710956244,9.238138686,2.450265445,5.686763767,1.157876455,2.541149293,5.655259969,4.605111674,4.455615218,3.877737226,-0.233358614,-0.116056403,-0.115787645,-0.115506786,-0.230826938,-0.115127792,-0.228493088,-0.22810219,2.450265445,0.812394824,-2.5473282,4.158244297,-10.27179872,5.065622841,1.599451617,-5.816605839,2.216906832,0.696338421,-2.663115846,4.042737511,-10.50262566,4.95049505,1.370958529,-6.044708029
50,3,6,21,101,Kentucky,Henderson County,46250,46246,46260,46340,46441,46369,46407,46399,46301,45989,45591,14,80,101,-72,38,-8,-98,-312,-398,136,595,554,563,552,573,573,552,537,141,512,439,477,517,524,503,530,536,-5,83,115,86,35,49,70,22,1,5,1,-4,2,0,5,7,6,6,19,1,0,-158,10,-58,-173,-341,-407,24,2,-4,-156,10,-53,-166,-335,-401,-5,-5,-10,-2,-7,-4,-2,1,2,1165,1165,1165,1165,1165,1165,1165,1165,1165,1165,12.85097192,11.94210021,12.13231333,11.89962921,12.34833955,12.36245955,11.96229277,11.72745141,11.05831534,9.463144394,10.27906476,11.14512374,11.29237334,10.85221144,11.48553473,11.70561258,1.792656588,2.478955821,1.853248572,0.754505476,1.055966209,1.510248112,0.476758045,0.021838829,0.021598272,-0.08622455,0.043098804,0,0.107751654,0.151024811,0.130024921,0.131032977,0.021598272,0,-3.404805517,0.215572993,-1.249919186,-3.732470334,-7.389749702,-8.888403582,0.043196544,-0.08622455,-3.361706713,0.215572993,-1.142167532,-3.581445523,-7.259724781,-8.757370605
50,3,6,21,111,Kentucky,Jefferson County,741096,741075,742050,746412,751865,759426,761973,765192,767711,770377,770517,975,4362,5453,7561,2547,3219,2519,2666,140,2555,10237,10093,10024,9967,10051,10022,9750,9649,1780,7261,7249,7514,7349,7720,8024,7850,7598,775,2976,2844,2510,2618,2331,1998,1900,2051,440,1800,2505,3248,1793,2606,2581,2171,2166,-148,-327,205,1827,-1702,-1603,-2019,-1356,-4044,292,1473,2710,5075,91,1003,562,815,-1878,-92,-87,-101,-24,-162,-115,-41,-49,-33,14153,14153,14151,14533,14881,14930,15190,15817,16599,16630,13.75513785,13.4728091,13.26547965,13.10241429,13.16295227,13.07584368,12.67807824,12.52389846,9.756379404,9.676448347,9.9438162470000009,9.660845051,10.11023694,10.46902511,10.20747838,9.861807496,3.99875845,3.796360753,3.321663399,3.44156924,3.052715326,2.606818566,2.470599862,2.662090968,2.418603901,3.343840959,4.298311841,2.357041118,3.412859776,3.367466826,2.822985421,2.811354967,-0.439379709,0.273647663,2.41780041,-2.23741438,-2.099314743,-2.63421756,-1.763228112,-5.248900963,1.979224193,3.617488622,6.716112251,0.119626738,1.313545033,0.733249266,1.059757309,-2.437545996
50,3,6,21,121,Kentucky,Knox County,31883,31888,31851,31882,31506,31653,31558,31485,31506,31484,31304,-37,31,-376,147,-95,-73,21,-22,-180,99,384,425,452,410,388,385,377,384,126,388,357,355,383,388,427,435,444,-27,-4,68,97,27,0,-42,-58,-60,1,-1,-7,-6,29,38,36,31,30,-7,41,-443,58,-151,-107,28,7,-150,-6,40,-450,52,-122,-69,64,38,-120,-4,-5,6,-2,0,-4,-1,-2,0,642,650,658,671,668,652,685,692,692,691,12.05027223,13.40947814,14.31308285,12.97242569,12.3090589,12.2239685,11.97015399,12.23163662,12.1757959,11.26396163,11.24146994,12.11814399,12.3090589,13.55749234,13.81171615,14.14282984,-0.125523669,2.145516502,3.071612913,0.854281692,0,-1.333523837,-1.841562153,-1.911193222,-0.031380917,-0.220861993,-0.189996675,0.917561817,1.205526387,1.143020432,0.98428322,0.955596611,1.286617608,-13.97740897,1.836634526,-4.77764946,-3.39450851,0.889015891,0.222257501,-4.777983054,1.255236691,-14.19827097,1.646637851,-3.860087643,-2.188982123,2.032036323,1.206540721,-3.822386443
50,3,6,21,131,Kentucky,Leslie County,11310,11310,11278,11237,11141,10986,10832,10646,10430,10309,10143,-32,-41,-96,-155,-154,-186,-216,-121,-166,34,158,152,137,140,146,125,106,105,64,168,143,179,150,159,159,158,161,-30,-10,9,-42,-10,-13,-34,-52,-56,0,-7,-3,-4,-1,-1,-1,-1,-1,-1,-24,-105,-109,-145,-174,-180,-69,-109,-1,-31,-108,-113,-146,-175,-181,-70,-110,-1,0,3,0,2,2,-1,1,0,227,227,227,227,227,227,227,227,227,227,14.03508772,13.58477076,12.38306142,12.83344028,13.59530683,11.86183337,10.22228651,10.26794446,14.92338441,12.78040933,16.17932842,13.75011458,14.80584784,15.08825204,15.23699311,15.7441815,-0.888296691,0.804361426,-3.796267004,-0.916674306,-1.210541019,-3.226418675,-5.014706591,-5.476237043,-0.621807684,-0.268120475,-0.361549238,-0.091667431,-0.09311854,-0.094894667,-0.096436665,-0.097789947,-2.131912059,-9.384216641,-9.852216749,-13.29177743,-16.20262594,-17.08104005,-6.6541299,-10.65910424,-2.753719742,-9.652337117,-10.21376599,-13.383444860000001,-16.29574448,-17.17593471,-6.750566565,-10.75689419
50,3,6,21,141,Kentucky,Logan County,26835,26832,26852,26846,26726,26985,26823,26751,26670,27014,26989,20,-6,-120,259,-162,-72,-81,344,-25,84,341,325,403,358,331,342,331,327,50,309,294,307,299,342,286,307,298,34,32,31,96,59,-11,56,24,29,5,16,-6,-6,-6,-8,-8,-8,-8,-15,-52,-146,170,-216,-50,-128,329,-45,-10,-36,-152,164,-222,-58,-136,321,-53,-4,-2,1,-1,1,-3,-1,-1,-1,277,277,277,277,277,277,277,277,277,277,12.70065924,12.13320391,15.00623708,13.30657151,12.35674021,12.8039535,12.33142091,12.11043831,11.50880852,10.97588292,11.43155033,11.11358906,12.76738717,10.70739971,11.43729975,11.0364239,1.191850721,1.157320989,3.57468675,2.192982456,-0.410646956,2.09655379,0.894121153,1.074014407,0.59592536,-0.223997611,-0.223417922,-0.223015165,-0.298652331,-0.299507684,-0.298040384,-0.296279836,-1.936757421,-5.450608527,6.330174452,-8.028545941,-1.866577071,-4.792122948,12.25691081,-1.666574079,-1.340832061,-5.674606138,6.10675653,-8.251561106,-2.165229402,-5.091630632,11.95887043,-1.962853916
50,3,6,21,151,Kentucky,Madison County,82916,82913,83469,84776,85415,85959,87101,88237,89568,91226,92368,556,1307,639,544,1142,1136,1331,1658,1142,239,967,1023,1036,974,989,1019,1014,991,168,668,684,677,702,761,787,716,743,71,299,339,359,272,228,232,298,248,16,48,44,81,87,144,143,115,114,418,940,261,114,771,760,953,1234,775,434,988,305,195,858,904,1096,1349,889,51,20,-5,-10,12,4,3,11,5,5695,6050,6413,6429,6147,6247,6334,6353,6694,6673,11.49514102,12.02178729,12.09051548,11.25621172,11.28106857,11.46199488,11.21718641,10.79555977,7.940800618,8.038027863,7.900848437,8.112793251,8.680377328,8.852394477,7.920616835,8.093946425,3.554340396,3.983759423,4.189667044,3.143418468,2.600691236,2.609600405,3.296569576,2.701613343,0.570596452,0.51706612,0.945300921,1.005431642,1.642541834,1.608503698,1.272166112,1.241870649,11.17418051,3.067142211,1.330423518,8.910204553,8.668970788,10.71960856,13.65089549,8.442541695,11.74477696,3.584208331,2.275724439,9.915636196,10.31151262,12.32811226,14.92306161,9.684412345
50,3,6,21,161,Kentucky,Mason County,17490,17490,17505,17548,17467,17331,17143,17066,17182,17225,17150,15,43,-81,-136,-188,-77,116,43,-75,49,222,199,241,208,182,207,223,206,32,205,171,227,222,242,209,213,189,17,17,28,14,-14,-60,-2,10,17,1,-7,-4,2,3,23,21,27,28,0,34,-105,-154,-181,-39,99,7,-120,1,27,-109,-152,-178,-16,120,34,-92,-3,-1,0,2,4,-1,-2,-1,0,298,298,298,298,298,298,298,298,298,298,12.66653354,11.36655719,13.85137077,12.06706504,10.64047473,12.08829713,12.96247857,11.98545455,11.69657376,9.76724261,13.04672682,12.87927134,14.14832354,12.20509227,12.3812015,10.99636364,0.969959775,1.59931458,0.804643945,-0.8122063,-3.507848812,-0.116795141,0.581277066,0.989090909,-0.399395202,-0.228473511,0.114949135,0.174044207,1.344675378,1.226348984,1.569448077,1.629090909,1.93991955,-5.997429673,-8.851083396,-10.50066717,-2.280101728,5.781359495,0.406893946,-6.981818182,1.540524349,-6.225903184,-8.736134261,-10.32662296,-0.93542635,7.007708479,1.976342023,-5.352727273
50,3,6,21,171,Kentucky,Monroe County,10963,10963,10970,10920,10853,10722,10680,10621,10539,10611,10718,7,-50,-67,-131,-42,-59,-82,72,107,19,117,132,131,124,139,135,126,119,27,161,163,152,148,151,174,137,148,-8,-44,-31,-21,-24,-12,-39,-11,-29,1,11,9,14,2,1,1,2,2,15,-16,-46,-126,-19,-46,-46,81,136,16,-5,-37,-112,-17,-45,-45,83,138,-1,-1,1,2,-1,-2,2,0,-2,143,143,143,143,143,143,143,143,143,143,10.6898127,12.12510908,12.14368482,11.58770208,13.05103047,12.75992439,11.91489362,11.15851657,14.7099132,14.97267258,14.09038239,13.83048313,14.17773813,16.44612476,12.95508274,13.87781893,-4.020100503,-2.847563496,-1.946697567,-2.242781049,-1.126707666,-3.686200378,-1.040189125,-2.719302358,1.005025126,0.826711983,1.297798378,0.186898421,0.093892306,0.094517958,0.189125296,0.187538094,-1.461854728,-4.225416801,-11.6801854,-1.775534997,-4.319046054,-4.347826087,7.659574468,12.75259037,-0.456829603,-3.398704818,-10.38238702,-1.588636576,-4.225153749,-4.253308129,7.848699764,12.94012846
50,3,6,21,181,Kentucky,Nicholas County,7135,7129,7128,7088,7010,7009,7051,7061,7083,7137,7166,-1,-40,-78,-1,42,10,22,54,29,16,90,87,90,95,89,93,89,92,16,100,88,114,95,100,101,121,106,0,-10,-1,-24,0,-11,-8,-32,-14,1,0,0,1,2,1,0,0,0,-2,-29,-78,23,40,21,32,85,44,-1,-29,-78,24,42,22,32,85,44,0,-1,1,-1,0,-1,-2,1,-1,95,95,95,95,95,95,95,95,95,95,12.66178953,12.3421762,12.83971753,13.51351351,12.61337869,13.15045249,12.51758087,12.86443404,14.06865504,12.48404029,16.2636422,13.51351351,14.1723356,14.28167421,17.01828411,14.8220653,-1.406865504,-0.141864094,-3.423924674,0,-1.558956916,-1.131221719,-4.500703235,-1.957631266,0,0,0.142663528,0.284495021,0.141723356,0,0,0,-4.079909961,-11.06539935,3.281261146,5.689900427,2.976190476,4.524886878,11.95499297,6.152555408,-4.079909961,-11.06539935,3.423924674,5.974395448,3.117913832,4.524886878,11.95499297,6.152555408
50,3,6,21,191,Kentucky,Pendleton County,14877,14875,14916,14657,14541,14556,14469,14472,14571,14558,14529,41,-259,-116,15,-87,3,99,-13,-29,32,156,144,177,168,176,178,176,163,17,153,159,134,136,173,150,163,163,15,3,-15,43,32,3,28,13,0,0,-1,-4,3,0,3,3,2,2,27,-265,-99,-29,-118,-2,69,-29,-31,27,-266,-103,-26,-118,1,72,-27,-29,-1,4,2,-2,-1,-1,-1,1,0,215,215,215,215,215,215,215,215,215,215,10.550164,9.863689294,12.1662027,11.57622739,12.16267579,12.25768688,12.08417728,11.20775604,10.34727623,10.89115693,9.210571537,9.371231697,11.95535745,10.32951141,11.191596,11.20775604,0.202887769,-1.027467635,2.955631165,2.204995693,0.207318337,1.928175464,0.892581276,0,-0.067629256,-0.273991369,0.206206825,0,0.207318337,0.206590228,0.137320196,0.137518479,-17.92175295,-6.781286389,-1.993332646,-8.130921619,-0.138212225,4.751575251,-1.991142847,-2.131536425,-17.98938221,-7.055277759,-1.787125821,-8.130921619,0.069106112,4.958165479,-1.853822651,-1.994017946
50,3,6,21,201,Kentucky,Robertson County,2282,2282,2275,2290,2216,2216,2187,2135,2125,2132,2135,-7,15,-74,0,-29,-52,-10,7,3,4,31,22,21,25,19,23,24,20,9,20,34,47,30,40,33,23,28,-5,11,-12,-26,-5,-21,-10,1,-8,0,0,0,0,0,0,0,0,0,-2,5,-65,26,-24,-33,1,4,11,-2,5,-65,26,-24,-33,1,4,11,0,-1,3,0,0,2,-1,2,0,57,57,57,57,57,57,57,57,57,57,13.58159912,9.7647581,9.476534296,11.35589371,8.792225821,10.79812207,11.27554616,9.374267635,8.762322015,15.09098979,21.20938628,13.62707245,18.5099491,15.49295775,10.80573174,13.12397469,4.819277108,-5.326231691,-11.73285199,-2.271178742,-9.717723276,-4.694835681,0.469814423,-3.749707054,0,0,0,0,0,0,0,0,2.190580504,-28.85042166,11.73285199,-10.90165796,-15.27070801,0.469483568,1.879257693,5.155847199,2.190580504,-28.85042166,11.73285199,-10.90165796,-15.27070801,0.469483568,1.879257693,5.155847199
50,3,6,21,211,Kentucky,Shelby County,42074,42048,42267,42946,43776,44578,45215,45941,46762,47495,48518,219,679,830,802,637,726,821,733,1023,149,605,622,623,624,619,588,574,587,53,327,352,325,358,366,368,372,342,96,278,270,298,266,253,220,202,245,18,112,132,149,88,144,152,129,131,103,288,423,354,282,328,450,398,646,121,400,555,503,370,472,602,527,777,2,1,5,1,1,1,-1,4,1,1696,1674,1725,1812,1819,1806,1800,1831,1797,1819,14.19971131,14.34468762,14.10236096,13.89863352,13.5811137,12.6856736,12.17946678,12.22751086,7.674885288,8.11789396,7.35676936,7.973895515,8.030190004,7.939333139,7.893312964,7.124035287,6.524826024,6.226793663,6.745591597,5.924738009,5.550923691,4.746340464,4.286153814,5.103475571,2.628706887,3.044210235,3.372795799,1.960063702,3.159419018,3.279289775,2.737197237,2.728797142,6.759531996,9.755310071,8.013219549,6.281113227,7.19645443,9.708423676,8.444996128,13.4565111,9.388238884,12.79952031,11.38601535,8.241176929,10.35587345,12.98771345,11.18219337,16.18530824
50,3,6,21,221,Kentucky,Trigg County,14339,14329,14324,14217,14415,14303,14130,14219,14304,14424,14643,-5,-107,198,-112,-173,89,85,120,219,28,140,154,145,147,146,161,156,153,61,169,142,189,190,162,162,173,182,-33,-29,12,-44,-43,-16,-1,-17,-29,0,0,-1,4,3,1,1,1,1,30,-78,185,-70,-133,102,87,135,247,30,-78,184,-66,-130,103,88,136,248,-2,0,2,-2,0,2,-2,1,0,78,78,78,78,78,78,78,78,78,78,9.810448127,10.75719475,10.09819625,10.34009777,10.30018696,11.28913508,10.86048455,10.52740221,11.84261238,9.91897178,13.1624765,13.36475223,11.42897457,11.35925394,12.04399889,12.52279217,-2.032164255,0.838222967,-3.064280242,-3.024654451,-1.128787612,-0.070118851,-1.183514341,-1.995389961,0,-0.069851914,0.278570931,0.211022404,0.070549226,0.070118852,0.069618491,0.06880655,-5.465821099,12.92260408,-4.874991295,-9.355326557,7.196021024,6.100340076,9.398496241,16.99521795,-5.465821099,12.85275217,-4.596420364,-9.144304154,7.266570249,6.170458928,9.468114731,17.0640245
50,3,6,21,231,Kentucky,Wayne County,20813,20813,20848,20899,20828,20786,20621,20609,20724,20621,20468,35,51,-71,-42,-165,-12,115,-103,-153,56,218,242,245,210,249,248,230,233,22,204,233,220,250,268,235,222,217,34,14,9,25,-40,-19,13,8,16,0,1,0,5,10,0,1,0,0,3,38,-81,-68,-134,8,102,-110,-168,3,39,-81,-63,-124,8,103,-110,-168,-2,-2,1,-4,-1,-1,-1,-1,-1,331,331,331,331,331,331,331,331,331,331,10.44386423,11.59920435,11.77488345,10.1432125,12.07858356,12.00009678,11.12589189,11.34123488,9.773157353,11.16782898,10.57336473,12.07525298,13.00024254,11.37105944,10.73890434,10.56243764,0.670706877,0.431375369,1.20151872,-1.932040476,-0.921658986,0.629037331,0.386987544,0.778797245,0.047907634,0,0.240303744,0.483010119,0,0.048387487,0,0,1.820490095,-3.882378316,-3.268130917,-6.472335595,0.388066942,4.935523674,-5.321078728,-8.177371073,1.868397729,-3.882378316,-3.027827174,-5.989325476,0.388066942,4.983911161,-5.321078728,-8.177371073
40,2,3,39,0,Ohio,Ohio,11536504,11536757,11539327,11543463,11548369,11576576,11602973,11617850,11635003,11664129,11689442,2570,4136,4906,28207,26397,14877,17153,29126,25313,34809,137927,137682,139089,139560,139546,138674,136206,134734,26552,110676,111412,114516,111897,118280,117533,118051,117359,8257,27251,26270,24573,27663,21266,21141,18155,17375,3342,14680,17524,24116,20842,24567,24390,19421,20514,-8654,-37755,-38549,-19895,-21196,-30303,-28034,-8133,-12146,-5312,-23075,-21025,4221,-354,-5736,-3644,11288,8368,-375,-40,-339,-587,-912,-653,-344,-317,-430,306496,308996,309668,310198,310250,311427,312108,313467,317877,315594,11.95063508,11.92473599,12.02934753,12.0416493,12.01903998,11.92748262,11.69193771,11.5386208,9.589482034,9.649472593,9.904110042,9.654803896,10.18740809,10.1091251,10.13351055,10.05062566,2.36115305,2.275263392,2.125237487,2.386845404,1.831631894,1.818357515,1.558427155,1.487995134,1.271943296,1.517766109,2.085713069,1.798309363,2.115945675,2.097807095,1.667100732,1.756819118,-3.271268335,-3.338756319,-1.720652741,-1.828853529,-2.609985012,-2.411231,-0.698137596,-1.040183533,-1.999325038,-1.82099021,0.365060328,-0.030544166,-0.494039337,-0.313423905,0.968963136,0.716635584
50,2,3,39,9,Ohio,Athens County,64757,64764,65175,65070,64603,64584,64778,65948,66470,66664,65818,411,-105,-467,-19,194,1170,522,194,-846,140,557,564,536,562,543,528,495,514,155,520,456,446,460,500,513,451,493,-15,37,108,90,102,43,15,44,21,41,236,271,384,302,348,340,253,251,341,-383,-866,-503,-207,764,165,-103,-1130,382,-147,-595,-119,95,1112,505,150,-879,44,5,20,10,-3,15,2,0,12,9345,9776,9642,9459,9033,9107,9966,10336,10118,9543,8.553111444,8.698803915,8.298048565,8.688795782,8.307452228,7.974746636,7.436116995,7.759544693,7.984951438,7.033075505,6.904719515,7.111825729,7.649587687,7.748191334,6.775128818,7.442520493,0.568160006,1.665728409,1.39332905,1.576970053,0.657864541,0.226555302,0.660988177,0.3170242,3.623939499,4.179744434,5.944870614,4.669068196,5.32411303,5.135253515,3.80068202,3.789194004,-5.881223847,-13.3566741,-7.787161247,-3.200321578,11.68856999,2.492108324,-1.547313233,-17.05892121,-2.257284349,-9.176929662,-1.842290633,1.468746618,17.01268302,7.627361839,2.253368786,-13.26972721
50,2,3,39,19,Ohio,Carroll County,28836,28835,28847,28820,28540,28259,28131,27718,27620,27341,27081,12,-27,-280,-281,-128,-413,-98,-279,-260,80,310,243,278,266,282,279,277,264,42,290,307,288,340,356,293,319,323,38,20,-64,-10,-74,-74,-14,-42,-59,-1,0,0,6,3,3,2,0,0,-22,-44,-218,-278,-55,-344,-86,-237,-201,-23,-44,-218,-272,-52,-341,-84,-237,-201,-3,-3,2,1,-2,2,0,0,0,405,405,405,405,405,405,405,405,405,405,10.75138294,8.472803347,9.788904734,9.434296861,10.09865888,10.08348694,10.07987482,9.701958767,10.05774533,10.70432357,10.14102361,12.05887569,12.74866157,10.58946836,11.60823129,11.87019955,0.693637609,-2.231520223,-0.352118875,-2.624578826,-2.650002686,-0.505981423,-1.528356471,-2.168240785,0,0,0.211271325,0.106401844,0.107432541,0.072283061,0,0,-1.52600274,-7.60111576,-9.788904734,-1.950700479,-12.3189314,-3.1081716,-8.624297229,-7.386718606,-1.52600274,-7.60111576,-9.577633409,-1.844298635,-12.21149886,-3.03588854,-8.624297229,-7.386718606
50,2,3,39,29,Ohio,Columbiana County,107841,107852,107891,107408,106613,105953,105619,104734,103850,103149,102665,39,-483,-795,-660,-334,-885,-884,-701,-484,287,1109,1106,1079,1105,1066,1090,1048,1021,242,1174,1157,1222,1230,1337,1271,1248,1197,45,-65,-51,-143,-125,-271,-181,-200,-176,11,-1,9,0,9,31,33,32,32,-5,-415,-757,-515,-205,-645,-736,-531,-336,6,-416,-748,-515,-196,-614,-703,-499,-304,-12,-2,4,-2,-13,0,0,-2,-4,3944,3957,3945,3944,3934,3943,3953,3951,3957,3967,10.30195217,10.33543437,10.15214098,10.44561662,10.13534392,10.45142485,10.12565278,9.921579679,10.90576361,10.81202312,11.49760545,11.62724746,12.71196513,12.18693668,12.05802927,11.63186178,-0.603811444,-0.476588746,-1.345464468,-1.18163084,-2.576621203,-1.735511832,-1.932376485,-1.710282099,-0.009289407,0.084103896,0,0.085077421,0.294742647,0.316419284,0.309180238,0.310960382,-3.855103832,-7.07407217,-4.845553852,-1.937874577,-6.132548621,-7.057108887,-5.130459567,-3.265084008,-3.864393239,-6.989968274,-4.845553852,-1.852797157,-5.837805974,-6.740689602,-4.82127933,-2.954123626
50,2,3,39,39,Ohio,Defiance County,39037,39030,39086,39003,38826,38565,38524,38328,38156,38224,38165,56,-83,-177,-261,-41,-196,-172,68,-59,110,497,450,439,400,436,423,445,433,117,376,381,367,360,420,389,394,407,-7,121,69,72,40,16,34,51,26,8,24,34,34,31,45,44,45,45,51,-230,-285,-370,-109,-257,-248,-27,-129,59,-206,-251,-336,-78,-212,-204,18,-84,4,2,5,3,-3,0,-2,-1,-1,720,829,839,805,814,756,748,723,765,736,12.72906555,11.56381298,11.34498844,10.37761548,11.34648415,11.06113697,11.65226499,11.33671078,9.630037521,9.790694985,9.484306961,9.339853935,10.93009941,10.17206213,10.31683687,10.6559845,3.099028032,1.773117989,1.860681475,1.037761548,0.41638474,0.889074839,1.335428123,0.680726283,0.614683246,0.873710314,0.878655141,0.8042652,1.17108208,1.150567439,1.178318932,1.178180105,-5.890714441,-7.323748217,-9.561835356,-2.827900219,-6.688179878,-6.485016474,-0.706991359,-3.377449633,-5.276031195,-6.450037904,-8.683180215,-2.023635019,-5.517097798,-5.334449035,0.471327573,-2.199269528
50,2,3,39,49,Ohio,Franklin County,1163414,1163532,1166261,1180741,1199071,1218985,1238527,1257552,1274580,1295706,1310300,2729,14480,18330,19914,19542,19025,17028,21126,14594,4509,17856,18128,18613,18873,18872,19004,18829,18799,1968,8586,8562,8930,8874,9554,9401,9649,9918,2541,9270,9566,9683,9999,9318,9603,9180,8881,939,4431,5292,7262,6211,7408,7404,5943,5967,-633,837,3518,2960,3341,2343,45,5958,-213,306,5268,8810,10222,9552,9751,7449,11901,5754,-118,-58,-46,9,-9,-44,-24,45,-41,25285,25420,25530,25705,26159,27408,27776,27625,30947,30780,15.21600749,15.23481687,15.39501153,15.3594367,15.12131627,15.01027593,14.65128783,14.42744184,7.316568115,7.195526369,7.386098585,7.221938286,7.655206426,7.425363291,7.508113883,7.611647863,7.89943937,8.039290499,8.008912945,8.137498413,7.466109847,7.584912635,7.14317395,6.815793978,3.77588089,4.447410132,6.006477931,5.054705735,5.935709567,5.848036358,4.624388103,4.579421536,0.713250351,2.956536063,2.448247683,2.719010121,1.877344427,0.035543171,4.636059956,-0.163468542,4.489131241,7.403946194,8.4547256140000009,7.773715856,7.813053994,5.883579529,9.260448059,4.415952995
50,2,3,39,59,Ohio,Guernsey County,40087,40091,40142,39902,39871,39703,39689,39386,39201,39071,39022,51,-240,-31,-168,-14,-303,-185,-130,-49,107,464,453,458,463,459,471,461,436,81,457,431,447,472,468,451,484,467,26,7,22,11,-9,-9,20,-23,-31,0,-5,4,7,8,7,8,9,16,25,-242,-50,-185,-6,-300,-212,-116,-31,25,-247,-46,-178,2,-293,-204,-107,-15,0,0,-7,-1,-7,-1,-1,0,-3,510,585,510,510,510,510,510,510,510,510,11.59362351,11.35722613,11.51129766,11.66364369,11.60923174,11.98671536,11.77943581,11.16617367,11.4187197,10.80566106,11.23482545,11.89036679,11.83686374,11.47772532,12.36713001,11.96009886,0.174903803,0.551565066,0.276472215,-0.226723096,-0.227631995,0.508990037,-0.587694195,-0.793925192,-0.124931288,0.100284557,0.175936864,0.201531641,0.177047107,0.203596015,0.229967294,0.409767841,-6.046674329,-1.253556968,-4.649759972,-0.15114873,-7.587733165,-5.395294387,-2.964022895,-0.793925192,-6.171605617,-1.15327241,-4.473823108,0.05038291,-7.410686058,-5.191698373,-2.734055601,-0.384157351
50,2,3,39,69,Ohio,Henry County,28215,28215,28170,27996,27817,27819,27591,27470,27268,27163,27086,-45,-174,-179,2,-228,-121,-202,-105,-77,91,325,344,356,296,312,295,294,292,82,282,292,250,266,294,298,266,248,9,43,52,106,30,18,-3,28,44,2,-3,5,7,-4,-2,-2,-2,-2,-58,-219,-238,-112,-257,-136,-198,-131,-119,-56,-222,-233,-105,-261,-138,-200,-133,-121,2,5,2,1,3,-1,1,0,0,346,346,346,346,346,346,346,346,346,346,11.57283766,12.32687725,12.79746927,10.68399206,11.33288535,10.77861815,10.8026676,10.7651754,10.04166222,10.46351209,8.986986843,9.601155026,10.67906504,10.88823121,9.773842112,9.143025678,1.531175444,1.863365166,3.810482422,1.082837033,0.653820308,-0.109613066,1.028825486,1.622149717,-0.106826194,0.179169728,0.251635632,-0.144378271,-0.072646701,-0.073075377,-0.073487535,-0.073734078,-7.798312146,-8.528479028,-4.026170106,-9.276303916,-4.939975663,-7.234462348,-4.813433521,-4.387177644,-7.90513834,-8.349309301,-3.774534474,-9.420682187,-5.012622364,-7.307537725,-4.886921056,-4.460911722
50,2,3,39,79,Ohio,Jackson County,33225,33225,33254,33127,32874,32809,32770,32560,32521,32385,32384,29,-127,-253,-65,-39,-210,-39,-136,-1,127,401,392,472,435,408,423,410,388,132,388,383,411,405,392,410,420,388,-5,13,9,61,30,16,13,-10,0,1,-3,-2,24,16,20,20,12,12,34,-137,-262,-150,-80,-246,-71,-139,-10,35,-140,-264,-126,-64,-226,-51,-127,2,-1,0,2,0,-5,0,-1,1,-3,325,325,325,325,325,325,325,325,325,325,12.08177039,11.8786079,14.37205974,13.266442,12.49043319,12.99918563,12.63365482,11.98104031,11.69009204,11.60588476,12.51465372,12.35151497,12.00061228,12.59968347,12.94179275,11.98104031,0.391678342,0.272723141,1.857406026,0.914927035,0.489820909,0.399502159,-0.308137923,0,-0.09038731,-0.060605142,0.730782699,0.487961085,0.612276137,0.614618706,0.369765507,0.370547639,-4.127687139,-7.939273647,-4.567391867,-2.439805426,-7.530996479,-2.181896406,-4.283117123,-0.308789699,-4.218074449,-7.99987879,-3.836609168,-1.95184434,-6.918720343,-1.5672777,-3.913351616,0.06175794
50,2,3,39,89,Ohio,Licking County,166492,166482,166705,167153,167583,168464,169423,170612,171993,173670,175769,223,448,430,881,959,1189,1381,1677,2099,497,1950,1959,1955,1955,1970,1987,2005,1976,360,1451,1515,1505,1497,1643,1601,1579,1637,137,499,444,450,458,327,386,426,339,13,59,133,128,137,144,141,90,88,89,-95,-125,329,398,738,862,1167,1677,102,-36,8,457,535,882,1003,1257,1765,-16,-15,-22,-26,-34,-20,-8,-6,-5,3448,3448,3420,3488,3452,3420,3405,3437,3540,3600,11.68161314,11.70474643,11.63527721,11.57191606,11.58704251,11.5993637,11.60089451,11.30955617,8.692318291,9.051909565,8.957080408,8.860950555,9.663711089,9.3460399,9.136066053,9.369303369,2.98929485,2.652836863,2.6781968,2.7109655,1.923331422,2.253323799,2.46482846,1.940252805,0.35344368,0.794656087,0.761798201,0.810921995,0.846971635,0.823105325,0.520738407,0.503664445,-0.56910423,-0.746857225,1.958059438,2.355817182,4.340729631,5.032033975,6.752241345,9.598241753,-0.21566055,0.047798862,2.719857639,3.166739176,5.187701266,5.8551393,7.272979752,10.1019062
50,2,3,39,99,Ohio,Mahoning County,238823,238788,238379,237330,235681,234387,233389,231904,230375,230010,229642,-409,-1049,-1649,-1294,-998,-1485,-1529,-365,-368,607,2339,2327,2399,2420,2433,2433,2434,2426,779,3011,3039,3076,2969,3228,3015,2933,2891,-172,-672,-712,-677,-549,-795,-582,-499,-465,47,202,224,295,301,347,355,354,466,-267,-564,-1155,-905,-721,-1025,-1295,-207,-356,-220,-362,-931,-610,-420,-678,-940,147,110,-17,-15,-6,-7,-29,-12,-7,-13,-13,7925,8007,8051,8099,7902,7859,7836,7961,8456,9138,9.833742897,9.839094651,10.20703388,10.34683267,10.45792651,10.52611086,10.57375892,10.55581179,12.65899951,12.84959546,13.0874682,12.69411,13.87512815,13.04407079,12.74150982,12.57908157,-2.825256617,-3.010500813,-2.88043432,-2.347277329,-3.417201634,-2.517959933,-2.167750904,-2.023269778,0.849258686,0.947123851,1.255137555,1.286940758,1.491533292,1.535869032,1.537843327,2.027620896,-2.371197518,-4.883607358,-3.850506735,-3.082672048,-4.405826006,-5.602677171,-0.899247369,-1.548997938,-1.521938832,-3.936483507,-2.595369181,-1.79573129,-2.914292714,-4.06680814,0.638595958,0.478622958
50,2,3,39,109,Ohio,Miami County,102506,102501,102484,102717,102918,103199,103843,104082,104587,105265,106222,-17,233,201,281,644,239,505,678,957,291,1138,1171,1095,1211,1218,1208,1178,1172,211,1005,1014,1009,1038,1046,1095,1121,1021,80,133,157,86,173,172,113,57,151,17,50,65,63,90,113,114,79,78,-111,60,-5,148,400,-32,284,551,735,-94,110,60,211,490,81,398,630,813,-3,-10,-16,-16,-19,-14,-6,-9,-7,1055,1055,1055,1055,1055,1055,1055,1055,1056,1056,11.09156388,11.38911178,10.62503336,11.69810956,11.7157629,11.57814529,11.22695995,11.08342357,9.795273902,9.862134364,9.790555849,10.02695105,10.06132019,10.49509031,10.68371996,9.655439814,1.296289979,1.526977411,0.834477506,1.671158509,1.654442708,1.083054982,0.543239998,1.427983753,0.48732706,0.6321881,0.611303289,0.86938882,1.086930384,1.092639539,0.752911576,0.737633992,0.584792472,-0.048629854,1.436077568,3.86395031,-0.307803294,2.722014291,5.251319978,6.950781845,1.072119532,0.583558246,2.047380857,4.733339129,0.779127089,3.81465383,6.004231554,7.688415836
50,2,3,39,119,Ohio,Muskingum County,86074,86086,86213,86236,85786,85640,85900,86174,85973,86148,86183,127,23,-450,-146,260,274,-201,175,35,281,1062,1015,1024,1025,1058,1028,999,1004,192,907,947,1009,944,1022,1001,973,958,89,155,68,15,81,36,27,26,46,7,30,41,77,70,79,79,55,54,43,-154,-561,-234,121,172,-305,102,-61,50,-124,-520,-157,191,251,-226,157,-7,-12,-8,2,-4,-12,-13,-2,-8,-4,1898,1885,1885,1760,1761,1742,1741,1761,1675,1621,12.31668493,11.80081618,11.94684587,11.95056547,12.297035,11.94328103,11.6081129,11.65199529,10.51905201,11.01021962,11.77184324,11.00617932,11.87861037,11.62959564,11.30599985,11.11813893,1.797632923,0.790596552,0.175002625,0.944386149,0.418424631,0.313685397,0.302113048,0.533856358,0.347928953,0.476683215,0.898346809,0.816136178,0.918209608,0.917820235,0.639085295,0.626700942,-1.786035292,-6.522421551,-2.730040951,1.410749679,1.999139905,-3.543483186,1.185212728,-0.707939953,-1.438106339,-6.045738336,-1.831694142,2.226885858,2.917349512,-2.625662951,1.824298023,-0.081239011
50,2,3,39,129,Ohio,Pickaway County,55698,55680,55737,55939,56229,56350,56702,56993,57556,57762,58086,57,202,290,121,352,291,563,206,324,172,571,587,620,595,662,616,561,575,98,481,504,550,469,528,600,604,606,74,90,83,70,126,134,16,-43,-31,2,5,13,8,12,15,15,9,9,-20,113,200,50,219,147,532,243,349,-18,118,213,58,231,162,547,252,358,1,-6,-6,-7,-5,-5,0,-3,-3,4455,4352,4380,4709,4861,4823,4567,4884,4861,4722,10.22601096,10.46644319,11.0144876,10.52612957,11.64519108,10.75522266,9.729617232,9.926800635,8.61420538,8.98652022,9.770916423,8.297066837,9.288007388,10.47586622,10.47538112,10.46198467,1.61180558,1.479922973,1.243571181,2.229062732,2.357183693,0.279356433,-0.745763888,-0.535184034,0.089544755,0.231795164,0.142122421,0.212291689,0.263863846,0.261896656,0.156090116,0.15537601,2.023711451,3.566079452,0.888265129,3.87432332,2.585865693,9.288601385,4.214433133,6.025136386,2.113256206,3.797874617,1.03038755,4.086615009,2.84972954,9.55049804,4.370523249,6.180512396
50,2,3,39,139,Ohio,Richland County,124475,124474,124159,123128,122622,122310,121994,121702,121280,120543,121099,-315,-1031,-506,-312,-316,-292,-422,-737,556,310,1415,1415,1409,1421,1401,1396,1311,1300,330,1352,1323,1391,1316,1458,1368,1461,1406,-20,63,92,18,105,-57,28,-150,-106,3,14,18,30,44,54,51,35,35,-304,-1119,-619,-354,-456,-276,-498,-620,630,-301,-1105,-601,-324,-412,-222,-447,-585,665,6,11,3,-6,-9,-13,-3,-2,-3,7263,7263,7184,7147,7204,7267,7402,7388,6929,7327,11.44419238,11.51576806,11.50523411,11.63304735,11.49793185,11.49056309,10.84264111,10.75971892,10.93466296,10.76703967,11.35825454,10.77346257,11.96572779,11.26009334,12.08321789,11.63704985,0.509529413,0.748728383,0.14697957,0.85958478,-0.467795942,0.230469747,-1.240576786,-0.877330928,0.113228759,0.146490336,0.24496595,0.360206955,0.443175103,0.419784182,0.289467917,0.28968474,-9.050212911,-5.037639878,-2.890598207,-3.7330539,-2.265117195,-4.099069067,-5.12771738,5.214325324,-8.936984152,-4.891149542,-2.645632257,-3.372846945,-1.821942092,-3.679284885,-4.838249463,5.504010065
50,2,3,39,149,Ohio,Shelby County,49423,49418,49312,49216,49119,49163,48954,48980,48719,48703,48627,-106,-96,-97,44,-209,26,-261,-16,-76,136,626,629,642,564,642,600,605,604,112,435,397,439,429,429,462,475,453,24,191,232,203,135,213,138,130,151,8,44,54,103,62,77,78,59,59,-145,-336,-389,-261,-410,-265,-478,-203,-287,-137,-292,-335,-158,-348,-188,-400,-144,-228,7,5,6,-1,4,1,1,-2,1,589,589,589,589,589,589,589,589,589,589,12.70704774,12.79300351,13.0644472,11.49647869,13.11087059,12.28262316,12.42019256,12.41138395,8.829977265,8.074439416,8.933477137,8.744661985,8.761002308,9.457619832,9.751390856,9.308537964,3.877070477,4.718564092,4.130970066,2.751816709,4.349868279,2.825003327,2.668801708,3.102845988,0.893147126,1.09828647,2.096009442,1.263797303,1.572487594,1.596741011,1.211225391,1.212370287,-6.820396233,-7.91173031,-5.311247227,-8.357369263,-5.411807952,-9.78515645,-4.167436513,-5.897462242,-5.927249107,-6.81344384,-3.215237785,-7.09357196,-3.839320359,-8.188415439,-2.956211123,-4.685091955
50,2,3,39,159,Ohio,Union County,52300,52280,52410,53045,52749,53391,53723,54353,55560,56797,57835,130,635,-296,642,332,630,1207,1237,1038,164,600,600,606,591,660,660,662,665,54,327,318,353,355,377,375,371,366,110,273,282,253,236,283,285,291,299,5,34,51,90,88,108,105,76,75,18,330,-652,302,17,246,816,870,666,23,364,-601,392,105,354,921,946,741,-3,-2,23,-3,-9,-7,1,0,-2,2932,2964,3158,2654,2786,2858,2781,2955,2892,2739,11.3792613,11.34279827,11.41888072,11.03497209,12.21362745,12.00949842,11.78386749,11.6023449,6.201697407,6.011683082,6.651592237,6.62845193,6.976572042,6.823578649,6.60394991,6.385651476,5.17756389,5.331115186,4.767288487,4.406520156,5.237055406,5.185919773,5.179917584,5.216693419,0.644824807,0.964137853,1.695873375,1.643109211,1.998593582,1.910602022,1.352830709,1.308535139,6.258593713,-12.32584078,5.690597324,0.317418825,4.552352049,14.84810714,15.48635154,11.61979203,6.90341852,-11.36170293,7.386470699,1.960528036,6.550945631,16.75870916,16.83918225,12.92832717
50,2,3,39,169,Ohio,Wayne County,114520,114516,114391,114637,115022,115397,115918,116240,116670,116247,115967,-125,246,385,375,521,322,430,-423,-280,325,1460,1561,1568,1552,1593,1560,1514,1470,295,1039,1024,1091,1014,1117,1094,1148,1113,30,421,537,477,538,476,466,366,357,8,84,110,164,115,135,132,108,110,-163,-249,-254,-258,-116,-279,-164,-903,-744,-155,-165,-144,-94,-1,-144,-32,-795,-634,0,-10,-8,-8,-16,-10,-4,6,-3,3231,3231,3481,3621,3611,3609,3747,3838,3564,3592,12.74953281,13.59406773,13.60998876,13.4189309,13.7234125,13.39573226,13.00033918,12.66073536,9.07312643,8.917569092,9.469705189,8.767265417,9.622756916,9.394186596,9.857588755,9.585985341,3.676406378,4.676498635,4.14028357,4.651665478,4.100655588,4.001545661,3.142750422,3.074750015,0.733534764,0.957941992,1.423493722,0.994315111,1.16300106,1.133485037,0.927368977,0.947401965,-2.174406623,-2.211975146,-2.239398661,-1.00296133,-2.403535523,-1.408269289,-7.753835057,-6.407882384,-1.440871858,-1.254033154,-0.815904938,-0.008646218,-1.240534464,-0.274784251,-6.82646608,-5.460480419
50,1,2,42,3,Pennsylvania,Allegheny County,1223348,1223323,1223970,1228183,1230881,1233710,1233073,1228965,1226660,1220656,1218452,647,4213,2698,2829,-637,-4108,-2305,-6004,-2204,3357,13167,13106,13163,13062,13173,13286,13066,12795,3157,13858,13546,13862,13256,14159,13381,14052,13840,200,-691,-440,-699,-194,-986,-95,-986,-1045,543,2812,2576,3268,3734,3324,3924,3107,3105,42,2168,724,392,-3994,-6368,-6097,-8110,-4204,585,4980,3300,3660,-260,-3044,-2173,-5003,-1099,-138,-76,-162,-132,-183,-78,-37,-15,-60,35054,35053,35614,35933,36756,36689,36420,36821,35065,35097,10.73913414,10.6593403,10.6816912,10.59031135,10.70089089,10.82087045,10.67782011,10.49154035,11.30272051,11.01720004,11.24892528,10.74760123,11.50185334,10.89824383,11.48360081,11.34841098,-0.563586367,-0.357859739,-0.567234077,-0.157289879,-0.800962455,-0.077373377,-0.8057807,-0.856870626,2.293494737,2.095106105,2.651961319,3.027424788,2.700202028,3.195927717,2.53910815,2.546012723,1.768242031,0.588841933,0.318105519,-3.238225657,-5.172950214,-4.965741919,-6.627668842,-3.447161831,4.061736768,2.683948039,2.970066839,-0.210800869,-2.472748187,-1.769814202,-4.088560693,-0.901149109
50,1,2,42,13,Pennsylvania,Blair County,127089,127116,127043,126959,126540,125835,125276,124585,123680,123175,122492,-73,-84,-419,-705,-559,-691,-905,-505,-683,339,1341,1319,1320,1302,1330,1299,1247,1217,395,1597,1501,1699,1553,1629,1639,1597,1620,-56,-256,-182,-379,-251,-299,-340,-350,-403,9,18,22,17,23,19,24,20,22,-9,174,-242,-333,-312,-402,-585,-169,-297,0,192,-220,-316,-289,-383,-561,-149,-275,-17,-20,-17,-10,-19,-9,-4,-6,-5,3672,3672,3701,3721,3730,3755,3753,3755,3711,3710,10.55897198,10.40635269,10.46062407,10.36991609,10.64591913,10.46462449,10.10309696,9.907720614,12.57470414,11.84225579,13.46409113,12.36903202,13.03924982,13.20363322,12.93876972,13.18858455,-2.01573216,-1.4359031,-3.003467063,-1.999115929,-2.393330692,-2.739008721,-2.835672763,-3.280863934,0.141731168,0.173570704,0.134720159,0.183185922,0.152084559,0.193341792,0.162038444,0.179104235,1.370067952,-1.909277749,-2.638930163,-2.484956852,-3.217789091,-4.712706181,-1.369224849,-2.417907167,1.51179912,-1.735707044,-2.504210005,-2.30177093,-3.065704532,-4.519364389,-1.207186405,-2.238802932
50,1,2,42,23,Pennsylvania,Cameron County,5085,5085,5082,5014,4975,4928,4832,4775,4710,4621,4492,-3,-68,-39,-47,-96,-57,-65,-89,-129,20,45,44,48,47,49,42,36,34,17,72,67,69,46,55,57,63,70,3,-27,-23,-21,1,-6,-15,-27,-36,0,1,2,3,8,7,10,9,9,-7,-41,-18,-28,-109,-57,-59,-72,-102,-7,-40,-16,-25,-101,-50,-49,-63,-93,1,-1,0,-1,4,-1,-1,1,0,92,92,92,92,92,92,92,92,92,92,8.914421553,8.80969066,9.694032112,9.631147541,10.20089518,8.856088561,7.716214768,7.461867662,14.26307449,13.41475623,13.93517116,9.426229508,11.44998439,12.01897733,13.50337584,15.36266872,-5.348652932,-4.605065572,-4.241139049,0.204918033,-1.249089206,-3.162888772,-5.787161076,-7.900801053,0.198098257,0.400440485,0.605877007,1.639344262,1.45727074,2.108592515,1.929053692,1.975200263,-8.122028526,-3.603964361,-5.654852065,-22.33606557,-11.86634745,-12.44069584,-15.43242954,-22.38560298,-7.923930269,-3.203523876,-5.048975058,-20.69672131,-10.40907671,-10.33210332,-13.50337584,-20.41040272
50,1,2,42,33,Pennsylvania,Clearfield County,81642,81616,81553,81430,81406,81435,81020,80717,80178,79775,79388,-63,-123,-24,29,-415,-303,-539,-403,-387,215,753,696,790,719,781,748,732,732,278,913,894,937,906,921,894,1001,947,-63,-160,-198,-147,-187,-140,-146,-269,-215,6,34,56,49,64,57,68,54,53,5,15,131,134,-283,-215,-461,-184,-222,11,49,187,183,-219,-158,-393,-130,-169,-11,-12,-13,-7,-9,-5,0,-4,-3,5115,5123,5158,5401,5755,5718,5575,5423,5498,5497,9.240227508,8.548478224,9.702716146,8.851682004,9.657654093,9.297989372,9.152688602,9.198117653,11.20362246,10.98037289,11.50815827,11.15385799,11.38885969,11.11283757,12.51617663,11.89975057,-1.963394955,-2.431894667,-1.805442118,-2.302175987,-1.731205599,-1.814848193,-3.363488025,-2.701632917,0.417221428,0.687808593,0.60181404,0.787910498,0.704847994,0.845271761,0.67519834,0.665983928,0.184068277,1.608980815,1.645777169,-3.484041735,-2.65863717,-5.730445321,-2.300675824,-2.789593059,0.601289705,2.296789408,2.247591209,-2.696131236,-1.953789176,-4.88517356,-1.625477484,-2.12360913
50,1,2,42,43,Pennsylvania,Dauphin County,268100,268123,268272,269218,269997,271439,272241,273138,274266,275831,277097,149,946,779,1442,802,897,1128,1565,1266,858,3485,3398,3468,3403,3421,3418,3427,3373,578,2492,2406,2467,2415,2454,2505,2583,2564,280,993,992,1001,988,967,913,844,809,176,828,853,994,1176,1116,1292,1117,1243,-292,-856,-1047,-521,-1349,-1166,-1072,-386,-778,-116,-28,-194,473,-173,-50,220,731,465,-15,-19,-19,-32,-13,-20,-5,-10,-8,6780,6777,6776,6777,6787,6784,6789,6789,6788,6789,12.96768312,12.60350695,12.81037833,12.51839317,12.54540421,12.48803443,12.45962076,12.2005035,9.272730656,8.924084085,9.112803729,8.883902296,8.999246396,9.152289717,9.391071029,9.274263557,3.694952464,3.679422865,3.697574598,3.634490877,3.54615781,3.335744715,3.068549729,2.926239944,3.080987553,3.163858572,3.671717433,4.326074161,4.092566821,4.720462401,4.061101951,4.496064587,-3.185175538,-3.883423124,-1.924511854,-4.962477928,-4.275925549,-3.916668493,-1.403388857,-2.814109613,-0.104187985,-0.719564552,1.747205579,-0.636403767,-0.183358729,0.803793907,2.657713094,1.681954974
50,1,2,42,53,Pennsylvania,Forest County,7716,7710,7707,7673,7589,7543,7463,7377,7324,7311,7279,-3,-34,-84,-46,-80,-86,-53,-13,-32,7,38,38,37,35,43,29,21,22,10,97,91,87,85,94,76,82,78,-3,-59,-53,-50,-50,-51,-47,-61,-56,0,3,3,3,3,3,3,6,7,1,21,-33,0,-31,-36,-10,43,17,1,24,-30,3,-28,-33,-7,49,24,-1,1,-1,1,-2,-2,1,-1,0,2500,2500,2546,2533,2506,2522,2555,2561,2631,2634,4.941482445,4.979688114,4.890298705,4.664800746,5.795148248,3.945309843,2.869832593,3.015764222,12.61378414,11.92504259,11.49881047,11.32880181,12.66846361,10.33943269,11.20601298,10.69225497,-7.672301691,-6.945354475,-6.608511763,-6.664001066,-6.873315364,-6.394122849,-8.336180389,-7.676490747,0.390117035,0.393133272,0.396510706,0.399840064,0.404312669,0.408135501,0.81995217,0.959561343,2.730819246,-4.324465994,0,-4.131680661,-4.851752022,-1.36045167,5.876323881,2.330363263,3.120936281,-3.931332722,0.396510706,-3.731840597,-4.447439353,-0.952316169,6.696276051,3.289924606
50,1,2,42,63,Pennsylvania,Indiana County,88880,88889,88865,88619,88220,88142,87423,86773,85200,84879,84501,-24,-246,-399,-78,-719,-650,-1573,-321,-378,239,841,819,870,865,794,804,819,829,233,899,880,878,888,931,866,970,891,6,-58,-61,-8,-23,-137,-62,-151,-62,9,67,58,89,91,88,101,84,87,-30,-251,-390,-154,-794,-603,-1624,-251,-402,-21,-184,-332,-65,-703,-515,-1523,-167,-315,-9,-4,-6,-5,7,2,12,-3,-1,5357,5357,5346,5406,5705,5591,5530,4696,4840,4839,9.476910595,9.262662648,9.866070922,9.853900265,9.116167995,9.35030499,9.63081862,9.788640926,10.13049064,9.952555715,9.956793414,10.11591149,10.68910882,10.07134841,11.40646406,10.52072264,-0.653580041,-0.689893067,-0.090722491,-0.262011221,-1.572940825,-0.72104342,-1.775645435,-0.73208171,0.754997634,0.655963899,1.009287715,1.036653091,1.010356151,1.17460299,0.987776269,1.027275948,-2.828423971,-4.410791737,-1.746407956,-9.045083018,-6.923235895,-18.8866857,-2.951569565,-4.746723344,-2.073426337,-3.754827838,-0.737120241,-8.008429926,-5.912879745,-17.71208271,-1.963793296,-3.719447396
50,1,2,42,73,Pennsylvania,Lawrence County,91108,91140,91003,90499,89867,89243,88631,88113,87332,86652,86184,-137,-504,-632,-624,-612,-518,-781,-680,-468,210,859,896,865,886,924,920,867,838,242,1083,1068,1203,1107,1211,1196,1157,1121,-32,-224,-172,-338,-221,-287,-276,-290,-283,7,17,20,16,25,29,37,36,42,-107,-292,-483,-297,-408,-252,-541,-424,-222,-100,-275,-463,-281,-383,-223,-504,-388,-180,-5,-5,3,-5,-8,-8,-1,-2,-5,2271,2271,2294,2188,2085,2086,2088,2090,2091,2092,9.465460436,9.93535367,9.658868852,9.962108009,10.45580048,10.4876172,9.966433695,9.697053855,11.9337528,11.84258674,13.43308581,12.44701305,13.70343548,13.63390236,13.30007357,12.97183457,-2.46829236,-1.907233071,-3.774216962,-2.484905045,-3.247634998,-3.146285161,-3.333639875,-3.274780717,0.18732576,0.221771287,0.178661158,0.281097856,0.32815824,0.421784605,0.413831157,0.486009859,-3.217595398,-5.355776588,-3.316397744,-4.587517006,-2.851581949,-6.167174898,-4.874011403,-2.568909255,-3.030269639,-5.1340053,-3.137736586,-4.306419151,-2.523423709,-5.745390293,-4.460180246,-2.082899396
50,1,2,42,83,Pennsylvania,McKean County,43450,43459,43343,43128,43141,42806,42644,42406,41683,41329,40968,-116,-215,13,-335,-162,-238,-723,-354,-361,117,443,459,450,446,443,390,350,352,158,528,516,522,522,540,472,520,506,-41,-85,-57,-72,-76,-97,-82,-170,-154,1,15,9,15,8,9,11,10,11,-75,-146,68,-279,-86,-147,-655,-194,-217,-74,-131,77,-264,-78,-138,-644,-184,-206,-1,1,-7,1,-8,-3,3,0,-1,3178,3178,3169,3313,3204,3256,3375,3199,3051,3052,10.24620971,10.64113413,10.47156969,10.43885313,10.41740153,9.275886263,8.432515781,8.554382298,12.21218675,11.96258216,12.14702084,12.21767115,12.6984127,11.22620081,12.52830916,12.29692455,-1.965977033,-1.321448029,-1.67545115,-1.778818022,-2.28101117,-1.950314548,-4.095793379,-3.742542255,0.346937123,0.208649689,0.349052323,0.187244002,0.211640212,0.261627561,0.240929022,0.267324447,-3.376854668,1.576464315,-6.492373207,-2.012873025,-3.456790123,-15.57873206,-4.674023033,-5.273582269,-3.029917545,1.785114004,-6.143320884,-1.825629023,-3.245149912,-15.3171045,-4.433094011,-5.006257822
50,1,2,42,93,Pennsylvania,Montour County,18267,18258,18302,18365,18431,18397,18417,18292,18244,18275,18240,44,63,66,-34,20,-125,-48,31,-35,53,224,213,248,207,232,217,217,218,38,199,222,229,223,232,228,225,221,15,25,-9,19,-16,0,-11,-8,-3,11,76,52,23,31,29,32,33,44,18,-36,27,-76,9,-154,-69,7,-74,29,40,79,-53,40,-125,-37,40,-30,0,-2,-4,0,-4,0,0,-1,-2,843,843,843,843,843,844,839,844,844,844,12.21807075,11.57734536,13.46801347,11.24572174,12.63995206,11.87869499,11.88422465,11.94029851,10.85444678,12.06652897,12.43618986,12.11495627,12.63995206,12.48084082,12.32235275,12.10461454,1.363623967,-0.489183607,1.031823613,-0.86923453,0,-0.602145829,-0.438128098,-0.164316035,4.14541686,2.826394173,1.249049636,1.684141903,1.579994007,1.751696956,1.807278403,2.409968506,-1.963618513,1.467550821,-4.12729445,0.488944423,-8.390313002,-3.777096562,0.383362086,-4.053128851,2.181798347,4.293944994,-2.878244814,2.173086326,-6.810318995,-2.025399606,2.190640489,-1.643160345
50,1,2,42,103,Pennsylvania,Pike County,57369,57346,57367,57067,56291,56079,55659,55350,55024,55523,55933,21,-300,-776,-212,-420,-309,-326,499,410,78,296,317,295,300,368,411,414,429,65,347,429,416,402,449,494,496,504,13,-51,-112,-121,-102,-81,-83,-82,-75,5,36,32,51,54,53,66,40,48,12,-287,-709,-144,-373,-285,-308,546,441,17,-251,-677,-93,-319,-232,-242,586,489,-9,2,13,2,1,4,-1,-5,-4,478,478,478,478,478,478,478,478,478,478,5.173287659,5.592900369,5.250511702,5.369704129,6.630093056,7.447406092,7.490026866,7.698105082,6.064631141,7.568940878,7.404111418,7.195403533,8.08943419,8.951383478,8.973558758,9.043927649,-0.891343482,-1.976040509,-2.153599715,-1.825699404,-1.459341135,-1.503977386,-1.483531891,-1.345822567,0.629183634,0.564583003,0.907715583,0.966546743,0.954877533,1.195933825,0.723674093,0.861326443,-5.015991751,-12.50904215,-2.562961645,-6.676332134,-5.134718807,-5.581024517,9.878151375,7.913436693,-4.386808116,-11.94445915,-1.655246062,-5.709785391,-4.179841274,-4.385090692,10.60182547,8.774763135
50,1,2,42,113,Pennsylvania,Sullivan County,6428,6429,6407,6414,6403,6299,6277,6267,6129,6139,6071,-22,7,-11,-104,-22,-10,-138,10,-68,15,54,68,38,61,52,44,41,39,40,123,109,107,115,95,101,86,98,-25,-69,-41,-69,-54,-43,-57,-45,-59,0,8,5,7,7,6,8,5,6,3,67,27,-43,25,28,-89,50,-15,3,75,32,-36,32,34,-81,55,-9,0,1,-2,1,0,-1,0,0,0,434,430,430,429,433,435,441,438,438,440,8.4236799,10.61090739,5.983309715,9.701017812,8.290816327,7.099064214,6.684056081,6.388206388,19.18727088,17.00866037,16.84774051,18.28880407,15.14668367,16.29557922,14.02021519,16.05241605,-10.76359098,-6.397752984,-10.8644308,-8.58778626,-6.855867347,-9.196515005,-7.336159113,-9.664209664,1.247952578,0.780213779,1.102188632,1.113231552,0.956632653,1.290738948,0.81512879,0.982800983,10.45160284,4.213154404,-6.770587309,3.975826972,4.464285714,-14.3594708,8.151287904,-2.457002457,11.69955542,4.993368183,-5.668398677,5.089058524,5.420918367,-13.06873185,8.966416694,-1.474201474
50,1,2,42,123,Pennsylvania,Warren County,41815,41811,41771,41501,41258,40953,40655,40327,40017,39677,39498,-40,-270,-243,-305,-298,-328,-310,-340,-179,99,397,390,397,382,409,394,378,385,119,469,510,532,490,509,482,513,527,-20,-72,-120,-135,-108,-100,-88,-135,-142,0,13,10,9,10,10,12,8,9,-15,-211,-130,-179,-197,-238,-235,-211,-44,-15,-198,-120,-170,-187,-228,-223,-203,-35,-5,0,-3,0,-3,0,1,-2,-2,788,788,768,768,785,760,760,760,760,760,9.535017773,9.424956802,9.658074954,9.361827272,10.1010101,9.807826347,9.48628504,9.725292075,11.26429052,12.32494351,12.94230699,12.00862661,12.57069472,11.99840685,12.87424398,13.31228292,-1.729272745,-2.899986708,-3.284232037,-2.646799333,-2.469684621,-2.190580504,-3.387958943,-3.586990843,0.312229801,0.241665559,0.218948803,0.245074012,0.246968462,0.298715523,0.200767937,0.22734449,-5.067729849,-3.141652267,-4.354648405,-4.827958043,-5.877849399,-5.849845664,-5.295254348,-1.111461951,-4.755500048,-2.899986708,-4.135699602,-4.582884031,-5.630880937,-5.55113014,-5.094486411,-0.884117461
50,1,2,42,133,Pennsylvania,York County,434972,435008,435403,436643,437449,438936,440496,441800,443777,445722,448273,395,1240,806,1487,1560,1304,1977,1945,2551,1226,4947,4903,4859,4970,4957,4976,4893,4859,961,3750,3668,3866,3839,4146,4154,4154,4081,265,1197,1235,993,1131,811,822,739,778,87,564,518,598,714,620,733,623,839,99,-483,-895,-54,-204,-70,450,614,969,186,81,-377,544,510,550,1183,1237,1808,-56,-38,-52,-50,-81,-57,-28,-31,-35,8466,8471,8735,8742,8740,8739,8740,8739,8689,8691,11.34573176,11.21849874,11.08873383,11.30274996,11.2365918,11.2378709,11.00169871,10.87030688,8.600463737,8.392709234,8.822606503,8.730635228,9.398206498,9.381454125,9.340089196,9.129804977,2.745268025,2.825789505,2.26612733,2.572114729,1.838385304,1.856416777,1.661609513,1.740501904,1.293509746,1.18522993,1.364697022,1.623775346,1.40542403,1.65541788,1.400788534,1.876967992,-1.107739729,-2.047839358,-0.12323351,-0.463935813,-0.158676907,1.016286557,1.380552423,2.167797359,0.185770017,-0.862609428,1.241463512,1.159839533,1.246747123,2.671704437,2.781340957,4.044765351
50,3,5,51,1,Virginia,Accomack County,33164,33162,33147,33221,33264,32966,32970,32910,32850,32566,32412,-15,74,43,-298,4,-60,-60,-284,-154,87,473,458,344,380,404,381,348,350,145,465,425,412,407,467,427,452,481,-58,8,33,-68,-27,-63,-46,-104,-131,4,50,78,62,56,63,67,58,57,41,19,-59,-292,-19,-55,-77,-237,-79,45,69,19,-230,37,8,-10,-179,-22,-2,-3,-9,0,-6,-5,-4,-1,-1,428,428,428,428,429,428,427,429,428,430,14.25385728,13.77754381,10.38804167,11.52632856,12.26472374,11.58759124,10.63959888,10.77287697,14.01277724,12.78483869,12.44149177,12.34530454,14.17729205,12.98661801,13.81924911,14.80501093,0.241080039,0.992705122,-2.053450098,-0.818975977,-1.912568306,-1.399026764,-3.179650238,-4.032133953,1.506750241,2.346393923,1.872263325,1.698616841,1.912568306,2.037712895,1.773266479,1.754439964,0.572565092,-1.774836429,-8.817756304,-0.576316428,-1.669702489,-2.341849148,-7.245933717,-2.431592231,2.079315333,0.571557494,-6.945492979,1.122300413,0.242865817,-0.304136253,-5.472667237,-0.677152267
50,3,5,51,11,Virginia,Appomattox County,14973,15029,15099,15108,15245,15320,15348,15485,15512,15701,15841,70,9,137,75,28,137,27,189,140,48,147,191,175,174,174,173,182,177,27,170,153,133,188,177,187,181,177,21,-23,38,42,-14,-3,-14,1,0,0,-1,0,-2,3,7,7,7,7,48,36,97,37,40,133,35,182,132,48,35,97,35,43,140,42,189,139,1,-3,2,-2,-1,0,-1,-1,1,56,56,56,56,56,56,56,56,56,56,9.732843381,12.58524693,11.45100605,11.34733273,11.2866085,11.16237055,11.66180758,11.22313106,11.25566922,10.08137581,8.7027646,12.26033651,11.4812052,12.06568378,11.59773171,11.22313106,-1.522825835,2.503871117,2.748241453,-0.913003782,-0.194596698,-0.903313224,0.064075866,0,-0.066209819,0,-0.130868641,0.195643668,0.454058963,0.451656612,0.448531061,0.443852641,2.383553481,6.391460482,2.421069851,2.608582236,8.627120293,2.25828306,11.66180758,8.369792657,2.317343662,6.391460482,2.290201211,2.804225903,9.081179256,2.709939672,12.11033864,8.813645298
50,3,5,51,21,Virginia,Bland County,6824,6824,6799,6774,6694,6674,6585,6534,6472,6351,6293,-25,-25,-80,-20,-89,-51,-62,-121,-58,6,39,49,60,41,46,50,48,41,24,83,93,95,74,89,85,82,85,-18,-44,-44,-35,-33,-43,-35,-34,-44,0,-2,0,-2,-2,-2,-2,-2,-2,-6,21,-35,18,-54,-6,-23,-86,-12,-6,19,-35,16,-56,-8,-25,-88,-14,-1,0,-1,-1,0,0,-2,1,0,686,686,673,686,686,682,686,686,685,680,5.746703013,7.276507277,8.976660682,6.184478468,7.012729629,7.688759034,7.48654761,6.485289465,12.23016282,13.81051381,14.21304608,11.16222943,13.56810733,13.07089036,12.78951883,13.44511231,-6.48345981,-6.534006534,-5.236385398,-4.977750962,-6.555377696,-5.382131324,-5.302971224,-6.959822841,-0.294702719,0,-0.299222023,-0.301681876,-0.304901288,-0.307550361,-0.311939484,-0.316355584,3.094378546,-5.197505198,2.692998205,-8.145410664,-0.914703865,-3.536829156,-13.4133978,-1.898133502,2.799675827,-5.197505198,2.393776182,-8.447092541,-1.219605153,-3.844379517,-13.72533728,-2.214489086
50,3,5,51,31,Virginia,Campbell County,54842,54807,54898,54780,54823,55073,55267,55289,55233,55086,54973,91,-118,43,250,194,22,-56,-147,-113,160,596,601,559,546,554,515,478,473,153,497,485,526,531,557,562,578,554,7,99,116,33,15,-3,-47,-100,-81,6,8,32,38,74,69,80,74,73,81,-220,-100,182,117,-36,-87,-119,-102,87,-212,-68,220,191,33,-7,-45,-29,-3,-5,-5,-3,-12,-8,-2,-2,-3,468,468,468,379,468,468,468,437,439,458,10.86817776,10.9668531,10.17325471,9.89668298,10.02207026,9.31941152,8.665778334,8.595389746,9.062893196,8.850122716,9.572686904,9.624796085,10.0763414,10.16992092,10.47870267,10.06732752,1.80528456,2.116730382,0.60056781,0.271886895,-0.054271139,-0.850509401,-1.812924338,-1.471937779,0.145881581,0.583925623,0.691562932,1.341308682,1.248236188,1.447675576,1.34156401,1.326561208,-4.011743467,-1.82476757,3.312222465,2.120717781,-0.651253663,-1.574347189,-2.157379962,-1.853551277,-3.865861887,-1.240841948,4.003785397,3.462026464,0.596982525,-0.126671613,-0.815815952,-0.526990069
50,3,5,51,41,Virginia,Chesterfield County,316236,316239,317195,320279,323878,327639,332148,334955,338414,343163,348556,956,3084,3599,3761,4509,2807,3459,4749,5393,1039,3724,3681,3729,3768,3796,3843,3924,3852,513,1945,2059,2163,2132,2382,2386,2448,2467,526,1779,1622,1566,1636,1414,1457,1476,1385,135,445,752,521,625,749,658,605,596,328,902,1272,1712,2283,671,1363,2690,3428,463,1347,2024,2233,2908,1420,2021,3295,4024,-33,-42,-47,-38,-35,-27,-19,-22,-16,4651,4618,4774,5298,5019,4753,4454,4302,4268,4559,11.68361376,11.42889078,11.44713031,11.42186797,11.38055143,11.41424687,11.51447305,11.13747056,6.102209659,6.392851432,6.639888138,6.462691748,7.141326002,7.086753325,7.183340987,7.132954278,5.581404104,5.036039351,4.807242175,4.959176219,4.239225427,4.327493544,4.331132066,4.004516285,1.396135372,2.33483452,1.5993443,1.894550817,2.2455303,1.954351923,1.775294648,1.723243109,2.829919338,3.949347752,5.25542695,6.920415225,2.011683353,4.048300412,7.893458846,9.911539223,4.22605471,6.284182272,6.854771249,8.814966042,4.257213654,6.002652335,9.668753494,11.63478233
50,3,5,51,51,Virginia,Dickenson County,15903,15877,15847,15776,15706,15525,15344,15202,15008,14721,14523,-30,-71,-70,-181,-181,-142,-194,-287,-198,39,178,184,174,144,161,143,126,119,77,195,212,198,206,234,227,197,204,-38,-17,-28,-24,-62,-73,-84,-71,-85,1,3,2,2,2,3,3,3,3,9,-55,-42,-161,-124,-70,-112,-222,-117,10,-52,-40,-159,-122,-67,-109,-219,-114,-2,-2,-2,2,3,-2,-1,3,1,335,339,379,414,443,443,512,563,510,512,11.25762894,11.68921924,11.14277481,9.329748291,10.54147843,9.467063886,8.476571698,8.138421557,12.33279575,13.46801347,12.67970926,13.34672325,15.32115498,15.02813638,13.25305258,13.95157981,-1.075166809,-1.778794232,-1.536934456,-4.016974959,-4.779676553,-5.561072493,-4.776480877,-5.813158255,0.189735319,0.127056731,0.128077871,0.129579837,0.196425064,0.198609732,0.201823136,0.205170291,-3.478480853,-2.668191347,-10.31026864,-8.033949917,-4.58325149,-7.414763323,-14.93491204,-8.001641362,-3.288745533,-2.541134617,-10.18219077,-7.90437008,-4.386826426,-7.216153592,-14.7330889,-7.796471071
50,3,5,51,63,Virginia,Floyd County,15279,15292,15366,15399,15432,15483,15527,15548,15675,15785,15795,74,33,33,51,44,21,127,110,10,55,160,144,150,158,136,139,131,138,16,150,143,145,178,180,148,144,160,39,10,1,5,-20,-44,-9,-13,-22,1,2,2,-4,-2,-1,0,-1,0,34,22,30,52,67,67,137,125,33,35,24,32,48,65,66,137,124,33,0,-1,0,-2,-1,-1,-1,-1,-1,85,85,85,85,85,85,85,85,85,85,10.4014302,9.341247446,9.704027171,10.19026121,8.753016895,8.903692791,8.328035601,8.739708676,9.751340809,9.276377672,9.380559599,11.48016769,11.5848753,9.480190885,9.154481882,10.13299557,0.650089387,0.064869774,0.323467572,-1.289906482,-2.831858407,-0.576498094,-0.826446281,-1.39328689,0.130017878,0.129739548,-0.258774058,-0.128990648,-0.064360418,0,-0.063572791,0,1.430196652,1.946093218,3.364062753,4.321186714,4.312148029,8.775582103,7.946598856,2.089930336,1.56021453,2.075832766,3.105288695,4.192196066,4.247787611,8.775582103,7.883026065,2.089930336
50,3,5,51,73,Virginia,Gloucester County,36858,36859,36940,36885,36835,36768,37024,37007,37114,37309,37349,81,-55,-50,-67,256,-17,107,195,40,101,362,337,341,389,395,362,341,352,64,354,345,332,337,370,400,416,443,37,8,-8,9,52,25,-38,-75,-91,2,12,33,18,21,33,16,8,5,47,-73,-72,-93,190,-73,131,262,129,49,-61,-39,-75,211,-40,147,270,134,-5,-2,-3,-1,-7,-2,-2,0,-3,368,361,375,419,390,390,373,346,358,293,9.806975957,9.142702116,9.265926661,10.54314831,10.67120531,9.767812091,9.163833761,9.429665943,9.590247206,9.359739555,9.021371412,9.13378144,9.995812565,10.79316253,11.17933972,11.8674489,0.21672875,-0.217037439,0.244555249,1.409366869,0.675392741,-1.02535044,-2.015505959,-2.437782957,0.325093126,0.895279436,0.489110498,0.569167389,0.891518418,0.431726501,0.214987302,0.133944119,-1.977649848,-1.953336951,-2.527070907,5.149609714,-1.972146803,3.534760729,7.040834151,3.455758258,-1.652556722,-1.058057515,-2.037960409,5.718777103,-1.080628385,3.96648723,7.255821453,3.589702376
50,3,5,51,83,Virginia,Halifax County,36241,36243,36188,35979,35719,35372,35190,35082,34970,34532,34120,-55,-209,-260,-347,-182,-108,-112,-438,-412,95,339,346,349,373,393,383,358,352,124,486,426,468,491,469,459,494,504,-29,-147,-80,-119,-118,-76,-76,-136,-152,0,-2,-1,-4,0,0,0,-2,-1,-21,-58,-178,-222,-58,-26,-34,-300,-257,-21,-60,-179,-226,-58,-26,-34,-302,-258,-5,-2,-1,-2,-6,-6,-2,0,-2,738,728,738,721,757,755,759,752,757,757,9.394875774,9.651594187,9.818401767,10.57226269,11.18510929,10.9347342,10.30186182,10.25461749,13.46875996,11.88317666,13.16622357,13.91683909,13.34813297,13.10455091,14.21541826,14.68274777,-4.073884185,-2.231582471,-3.347821806,-3.344576401,-2.163023679,-2.169816708,-3.913556444,-4.42813028,-0.055426996,-0.027894781,-0.112531825,0,0,0,-0.057552301,-0.029132436,-1.607382876,-4.965270998,-6.24551631,-1.643944333,-0.739981785,-0.970707474,-8.632845098,-7.487036066,-1.662809872,-4.993165779,-6.358048135,-1.643944333,-0.739981785,-0.970707474,-8.690397399,-7.516168502
50,3,5,51,93,Virginia,Isle of Wight County,35270,35274,35313,35288,35337,35521,35860,36155,36319,36571,36953,39,-25,49,184,339,295,164,252,382,95,335,330,291,360,342,367,392,367,74,323,328,384,341,328,309,386,396,21,12,2,-93,19,14,58,6,-29,4,3,42,27,32,39,29,31,40,18,-35,8,248,294,244,79,219,371,22,-32,50,275,326,283,108,250,411,-4,-5,-3,2,-6,-2,-2,-4,0,310,310,310,310,310,310,310,310,310,310,9.489950567,9.345132743,8.213610319,10.08671775,9.498021246,10.12776996,10.7559336,9.983134759,9.15001204,9.288495575,10.83857857,9.554363206,9.109213358,8.52719596,10.59130196,10.77199282,0.339938528,0.056637168,-2.624968246,0.532354548,0.388807887,1.600573999,0.164631637,-0.78885806,0.084984632,1.189380531,0.762087555,0.896597134,1.083107686,0.800287,0.85059679,1.088080083,-0.991487373,0.226548673,6.999915324,8.237486166,6.776366035,2.180092171,6.00905474,10.09194277,-0.906502741,1.415929204,7.762002879,9.1340833,7.859473721,2.980379171,6.85965153,11.18002285
50,3,5,51,103,Virginia,Lancaster County,11391,11390,11362,11274,11124,10959,10862,10825,10769,10779,10783,-28,-88,-150,-165,-97,-37,-56,10,4,25,87,91,65,74,98,98,95,93,68,206,207,203,173,192,206,200,193,-43,-119,-116,-138,-99,-94,-108,-105,-100,1,4,11,6,9,19,19,20,26,17,29,-44,-31,-6,41,33,96,80,18,33,-33,-25,3,60,52,116,106,-3,-2,-1,-2,-1,-3,0,-1,-2,183,183,183,184,185,185,183,183,185,183,7.686870472,8.125725511,5.886881311,6.782457266,9.037672338,9.076595351,8.817523668,8.626286986,18.2010956,18.4837932,18.38518317,15.85628523,17.70646009,19.0793739,18.56320772,17.90186439,-10.51422513,-10.35806768,-12.49830186,-9.073827964,-8.668787753,-10.00277855,-9.745684054,-9.275577405,0.353419332,0.982230556,0.543404429,0.824893451,1.75220178,1.759748078,1.856320772,2.411650125,2.562290157,-3.928922225,-2.807589549,-0.549928968,3.781066999,3.056404557,8.910339707,7.420461924,2.915709489,-2.946691669,-2.26418512,0.274964484,5.533268779,4.816152635,10.76666048,9.832112049
50,3,5,51,113,Virginia,Madison County,13308,13309,13303,13142,13135,13092,13034,13046,13076,13245,13295,-6,-161,-7,-43,-58,12,30,169,50,31,118,115,122,116,118,142,136,135,15,137,139,149,148,141,167,116,114,16,-19,-24,-27,-32,-23,-25,20,21,1,-1,0,6,12,14,16,16,16,-22,-142,16,-18,-38,23,40,131,16,-21,-143,16,-12,-26,37,56,147,32,-1,1,1,-4,0,-2,-1,2,-3,193,193,193,193,193,193,193,193,193,193,8.924182265,8.752901777,9.303389637,8.880042869,9.049079755,10.87206186,10.33395388,10.17332329,10.36112687,10.57959432,11.36233652,11.32970987,10.81288344,12.78615726,8.814254778,8.59080633,-1.436944602,-1.826692545,-2.058946887,-2.449666998,-1.763803681,-1.914095399,1.5196991,1.582516956,-0.075628663,0,0.457543753,0.918625124,1.073619632,1.225021055,1.21575928,1.205727204,-10.73927018,1.21779503,-1.372631258,-2.908979561,1.763803681,3.062552638,9.954029102,1.205727204,-10.81489885,1.21779503,-0.915087505,-1.990354436,2.837423313,4.287573693,11.16978838,2.411454408
50,3,5,51,125,Virginia,Nelson County,15020,15015,14978,15018,14801,14799,14865,14757,14800,14804,14836,-37,40,-217,-2,66,-108,43,4,32,41,145,131,132,142,126,120,108,114,68,186,172,195,155,210,199,161,152,-27,-41,-41,-63,-13,-84,-79,-53,-38,0,2,10,14,3,2,2,2,2,-8,80,-189,48,76,-23,122,56,69,-8,82,-179,62,79,-21,124,58,71,-2,-1,3,-1,0,-3,-2,-1,-1,102,102,102,102,102,102,102,102,102,102,9.667955727,8.786344277,8.918918919,9.573894283,8.507190602,8.119903915,7.296311309,7.692307692,12.40165355,11.53626882,13.17567568,10.45037756,14.178651,13.46550733,10.87690853,10.256410259999999,-2.733697826,-2.749924545,-4.256756757,-0.876483279,-5.671460401,-5.34560341,-3.580597217,-2.564102564,0.133351114,0.670713304,0.945945946,0.202265372,0.135034772,0.135331732,0.135116876,0.134952767,5.334044539,-12.67648144,3.243243243,5.124056095,-1.552899872,8.255235646,3.783272531,4.655870445,5.467395653,-12.00576813,4.189189189,5.326321467,-1.4178651,8.390567378,3.918389407,4.790823212
50,3,5,51,137,Virginia,Orange County,33481,33557,33580,33992,34276,34621,34922,35183,35381,35931,36644,23,412,284,345,301,261,198,550,713,90,399,390,353,366,399,385,379,385,110,344,337,344,365,405,412,349,332,-20,55,53,9,1,-6,-27,30,53,6,47,54,45,29,38,39,37,38,38,307,179,288,270,230,187,480,621,44,354,233,333,299,268,226,517,659,-1,3,-2,3,1,-1,-1,3,1,601,601,601,601,601,601,601,601,601,601,11.80962529,11.4255581,10.24718057,10.5258617,11.38292561,10.91207981,10.62934709,10.60971409,10.18173208,9.872854046,9.985921013,10.49710251,11.55409743,11.67734255,9.787973974,9.149156046,1.62789321,1.552704049,0.261259561,0.028759185,-0.171171814,-0.76526274,0.841373121,1.460558043,1.391108743,1.582000352,1.306297807,0.834016364,1.084088154,1.105379514,1.037693516,1.047192559,9.086603919,5.244038202,8.360305964,7.764979941,6.561586192,5.300153053,13.46196994,17.11333104,10.47771266,6.826038554,9.666603771,8.598996304,7.645674346,6.405532566,14.49966345,18.1605236
50,3,5,51,147,Virginia,Prince Edward County,23368,23357,23354,22310,23166,22713,22976,23120,23026,22708,22950,-3,-1044,856,-453,263,144,-94,-318,242,52,181,209,202,218,216,237,225,206,25,230,217,222,210,276,210,213,231,27,-49,-8,-20,8,-60,27,12,-25,1,5,19,14,37,38,37,36,38,-31,-1036,810,-459,214,163,-160,-368,228,-30,-1031,829,-445,251,201,-123,-332,266,0,36,35,12,4,3,2,2,1,4318,4279,3365,4356,4092,4152,4453,4228,3892,4051,7.927470217,9.191661536,8.805771704,9.542778349,9.371745922,10.2717462,9.839506713,9.02361032,10.07358094,9.54349547,9.677630288,9.192584648,11.97500868,9.101547263,9.314733021,10.11870866,-2.146110722,-0.351833934,-0.871858585,0.350193701,-2.603262756,1.170198934,0.524773691,-1.09509834,0.21899089,0.835605594,0.610301009,1.619645867,1.648733079,1.603605946,1.574321074,1.664549477,-45.3749124,35.62318586,-20.00915452,9.367681499,7.072197154,-6.9345122,-16.09305987,9.987296859,-45.15592151,36.45879145,-19.39885351,10.98732737,8.720930233,-5.330906254,-14.51873879,11.65184634
50,3,5,51,159,Virginia,Richmond County,9254,9254,9280,9208,9081,8952,8884,8783,8759,8925,9038,26,-72,-127,-129,-68,-101,-24,166,113,19,69,65,75,62,59,86,100,93,7,101,115,105,105,127,114,107,100,12,-32,-50,-30,-43,-68,-28,-7,-7,3,12,0,2,1,0,0,0,0,11,-53,-80,-103,-27,-33,4,171,119,14,-41,-80,-101,-26,-33,4,171,119,0,1,3,2,1,0,0,2,1,1792,1795,1792,1725,1649,1581,1572,1490,1608,1666,7.464301168,7.108097764,8.318083514,6.952231442,6.679119262,9.805039334,11.30965845,10.35461783,10.92600606,12.57586527,11.64531692,11.77394035,14.37708723,12.99737772,12.10133454,11.13399766,-3.46170489,-5.467767511,-3.327233405,-4.821708903,-7.697967963,-3.192338388,-0.791676091,-0.779379836,1.298139334,0,0.22181556,0.112132765,0,0,0,0,-5.733448723,-8.748428017,-11.42350136,-3.02758466,-3.73577857,0.456048341,19.33951595,13.24945722,-4.43530939,-8.748428017,-11.2016858,-2.915451895,-3.73577857,0.456048341,19.33951595,13.24945722
50,3,5,51,169,Virginia,Scott County,23177,23170,23129,23055,22955,22768,22518,22244,21980,21767,21534,-41,-74,-100,-187,-250,-274,-264,-213,-233,63,185,217,181,182,176,178,163,164,50,279,315,323,307,344,356,319,305,13,-94,-98,-142,-125,-168,-178,-156,-141,1,-3,-2,2,2,3,2,2,2,-58,26,4,-44,-128,-108,-87,-57,-92,-57,23,2,-42,-126,-105,-85,-55,-90,3,-3,-4,-3,1,-1,-1,-2,-2,652,610,706,683,707,706,774,803,797,793,8.011432531,9.432732015,7.917240776,8.037804178,7.863813056,8.049927641,7.451939562,7.574882797,12.08210636,13.69267551,14.12855674,13.55827408,15.37018006,16.09985528,14.58385718,14.08743447,-4.070673826,-4.259943491,-6.211315968,-5.520469902,-7.506367008,-8.049927641,-7.131917617,-6.512551673,-0.129915122,-0.086937622,0.087483324,0.088327518,0.134042268,0.090448625,0.091434841,0.09237662,1.125931058,0.173875245,-1.924633117,-5.65296118,-4.825521648,-3.934515195,-2.605892976,-4.249324496,0.996015936,0.086937622,-1.837149793,-5.564633662,-4.69147938,-3.84406657,-2.514458134,-4.156947876
50,3,5,51,179,Virginia,Stafford County,128961,128984,129835,132197,133375,135939,138813,140917,143578,146790,149960,851,2362,1178,2564,2874,2104,2661,3212,3170,433,1733,1625,1703,1691,1712,1689,1708,1725,197,569,582,691,672,653,723,770,771,236,1164,1043,1012,1019,1059,966,938,954,84,101,490,301,418,490,390,307,266,502,1106,-377,1253,1446,569,1311,1978,1959,586,1207,113,1554,1864,1059,1701,2285,2225,29,-9,22,-2,-9,-14,-6,-11,-9,3593,3661,3585,2830,2997,2939,3162,3347,3441,3455,13.22739207,12.23773591,12.64694743,12.30928255,12.24037465,11.87367089,11.76438175,11.62594777,4.34298101,4.382992183,5.131556473,4.891684137,4.66878776,5.082690381,5.303614723,5.196293176,8.884411064,7.854743723,7.515390956,7.417598416,7.571586887,6.790980509,6.460767027,6.429654591,0.770898211,3.690148058,2.23530897,3.042744002,3.503378258,2.741700206,2.114558078,1.792754844,8.441717042,-2.83915473,9.305123388,10.52585605,4.06820863,9.216330691,13.62409081,13.20303286,9.212615253,0.850993328,11.54043236,13.56860005,7.571586887,11.9580309,15.73864889,14.9957877
50,3,5,51,191,Virginia,Washington County,54876,54964,54966,54802,55093,54778,54604,54337,54271,54415,54402,2,-164,291,-315,-174,-267,-66,144,-13,142,484,515,490,456,446,537,544,518,176,580,626,635,585,580,599,651,665,-34,-96,-111,-145,-129,-134,-62,-107,-147,-1,10,0,11,24,13,16,14,14,41,-74,394,-181,-57,-139,-17,238,126,40,-64,394,-170,-33,-126,-1,252,140,-4,-4,8,0,-12,-7,-3,-1,-6,1627,1614,1597,1899,1615,1630,1641,1490,1799,1785,8.818599228,9.37258292,8.91955111,8.337752098,8.187918231,9.888774308,10.01048893,9.520571234,10.56774288,11.39269303,11.55901011,10.69645828,10.64796541,11.03049499,11.97946378,12.22235496,-1.749143648,-2.020110105,-2.639459002,-2.358706186,-2.460047182,-1.141720684,-1.968974845,-2.701783729,0.182202463,0,0.200234821,0.438829058,0.238661294,0.294637596,0.257622877,0.257312736,-1.348298229,7.170480914,-3.294772961,-1.042219012,-2.551839987,-0.313052445,4.379588908,2.315814625,-1.166095766,7.170480914,-3.09453814,-0.603389954,-2.313178693,-0.01841485,4.637211784,2.573127361
50,3,5,51,510,Virginia,Alexandria city,139966,140008,140740,144220,147314,149674,151431,153863,157045,159654,160530,732,3480,3094,2360,1757,2432,3182,2609,876,641,2687,2672,2854,2721,2811,2841,2811,2780,210,743,682,733,726,677,724,765,843,431,1944,1990,2121,1995,2134,2117,2046,1937,318,1485,2342,1709,2392,2551,2440,2336,2335,-29,12,-1232,-1463,-2635,-2250,-1373,-1756,-3386,289,1497,1110,246,-243,301,1067,580,-1051,12,39,-6,-7,5,-3,-2,-17,-10,1827,1829,1828,1847,1831,1832,1829,1834,1833,1834,18.8587872,18.33062353,19.21963177,18.07342954,18.415036,18.27550272,17.751871649999998,17.36501512,5.214766985,4.678699569,4.93622638,4.82223809,4.435069147,4.657326283,4.831085668,5.26572221,13.64402021,13.65192396,14.28340539,13.25119145,13.97996685,13.61817644,12.92078598,12.09929291,10.42251544,16.06673664,11.50888251,15.88814533,16.71175981,15.69596151,14.75217794,14.58536342,0.084222347,-8.451844382,-9.852249923,-17.50220023,-14.73989007,-8.832194733,-11.08939403,-21.15033856,10.50673779,7.61489226,1.656632591,-1.614054898,1.971869739,6.863766774,3.662783905,-6.564975139
50,3,5,51,570,Virginia,Colonial Heights city,17411,17410,17339,17280,17380,17483,17440,17482,17535,17676,17833,-71,-59,100,103,-43,42,53,141,157,40,174,187,216,227,231,289,281,262,61,219,220,202,234,258,287,214,191,-21,-45,-33,14,-7,-27,2,67,71,2,46,57,36,41,60,47,47,52,-56,-59,77,55,-75,10,6,28,37,-54,-13,134,91,-34,70,53,75,89,4,-1,-1,-2,-2,-1,-2,-1,-3,171,171,171,171,171,171,171,171,171,171,10.05228343,10.79053664,12.39136047,13.00002863,13.22948285,16.50626838,15.9609213,14.75682221,12.6520119,12.69474899,11.58821673,13.40091058,14.77578604,16.39203815,12.15529238,10.75783604,-2.599728473,-1.904212349,0.803143734,-0.40088194,-1.54630319,0.114230231,3.805628923,3.998986173,2.657500217,3.289094057,2.065226745,2.348022793,3.436229311,2.684410429,2.669620289,2.928834943,-3.408532887,4.443162147,3.155207527,-4.295163646,0.572704885,0.342690693,1.590412087,2.08397871,-0.75103267,7.732256203,5.220434271,-1.947140853,4.008934196,3.027101122,4.260032376,5.012813653
50,3,5,51,610,Virginia,Falls Church city,12332,12279,12434,12695,13123,13398,13454,13837,13782,14489,14772,155,261,428,275,56,383,-55,707,283,27,135,152,148,180,214,234,231,248,13,60,70,70,75,73,78,87,86,14,75,82,78,105,141,156,144,162,16,62,99,53,77,47,45,45,45,115,125,242,145,-133,192,-258,515,77,131,187,341,198,-56,239,-213,560,122,10,-1,5,-1,7,3,2,3,-1,42,42,42,42,42,42,42,42,42,42,10.74455808,11.77473081,11.16096678,13.40682258,15.68282584,16.9448568,16.34183439,16.95089026,4.775359147,5.422573398,5.27883564,5.586176076,5.349749002,5.648285601,6.154716848,5.878131301,5.969198934,6.35215741,5.882131141,7.820646507,10.33307684,11.2965712,10.18711754,11.07275896,4.934537785,7.669068092,3.996832699,5.735140772,3.444358946,3.258626308,3.183474232,3.075766379,9.948664889,18.74661089,10.93473097,-9.906152242,14.07057272,-18.68279083,36.43309398,5.262978025,14.88320267,26.41567898,14.93156367,-4.17101147,17.51493166,-15.42416452,39.61656822,8.338744404
50,3,5,51,660,Virginia,Harrisonburg city,48914,48900,48991,49932,51315,51550,52558,52755,53701,53907,54033,91,941,1383,235,1008,197,946,206,126,125,530,489,554,564,585,692,699,664,46,271,258,241,208,313,340,271,269,79,259,231,313,356,272,352,428,395,58,312,347,382,463,491,497,482,518,-44,360,782,-468,189,-569,96,-708,-790,14,672,1129,-86,652,-78,593,-226,-272,-2,10,23,8,0,3,1,4,3,7585,7584,7548,7618,7589,7388,7521,7625,7667,7684,10.71540491,9.659545468,10.77139941,10.83490222,11.10973954,13.00067634,12.99159914,12.30313137,5.479008926,5.096447302,4.685753172,3.995850463,5.944185428,6.387615541,5.036800238,4.98425051,5.236395985,4.563098166,6.085646235,6.839051754,5.16555411,6.613060795,7.9547989,7.31888086,6.307936476,6.854524085,7.427210421,8.894609444,9.324584809,9.337190952,8.958441752,9.597924773,7.278388241,15.44737128,-9.099304914,3.630844892,-10.80588341,1.803562035,-13.15887295,-14.63776172,13.58632472,22.30189537,-1.672094493,12.52545434,-1.481298605,11.14075299,-4.200431195,-5.039836946
50,3,5,51,685,Virginia,Manassas Park city,14273,14241,14447,15067,15401,15901,15924,16054,16143,16686,17307,206,620,334,500,23,130,89,543,621,35,297,238,279,237,128,15,15,17,1,53,26,27,52,18,40,36,50,34,244,212,252,185,110,-25,-21,-33,13,70,93,111,171,197,194,186,186,143,299,28,133,-343,-177,-79,375,462,156,369,121,244,-172,20,115,561,648,16,7,1,4,10,0,-1,3,6,6,6,6,6,6,6,6,6,6,6,20.12604188,15.62294867,17.82633698,14.8939513,8.005503784,0.931763829,0.91382619,1.000205925,3.591515891,1.706708678,1.725129385,3.267871171,1.12577397,2.484703544,2.193182857,2.941782132,16.53452599,13.91623999,16.10120759,11.62608013,6.879729814,-1.552939715,-1.279356666,-1.941576207,4.743511554,6.104765656,7.092198582,10.74626866,12.32097067,12.05081219,11.33144476,10.94342953,20.26157078,1.837993961,8.497859562,-21.55538099,-11.0701107,-4.907289499,22.84565476,27.1820669,25.00508233,7.942759617,15.59005814,-10.80911233,1.250859966,7.143522688,34.17709952,38.12549643
50,3,5,51,730,Virginia,Petersburg city,32420,32435,32496,32083,31990,32307,32236,32000,31698,31635,31567,61,-413,-93,317,-71,-236,-302,-63,-68,127,516,493,483,481,570,689,696,649,110,396,356,402,444,528,531,472,446,17,120,137,81,37,42,158,224,203,15,78,125,79,81,68,50,46,38,30,-620,-356,153,-185,-348,-510,-331,-307,45,-542,-231,232,-104,-280,-460,-285,-269,-1,9,1,4,-4,2,0,-2,-2,1058,1061,1075,1052,1058,1058,918,884,884,884,15.98042707,15.38869727,15.02402912,14.90479215,17.74705773,21.63333229,21.97906305,20.53732477,12.26404869,11.112325,12.50447144,13.75826968,16.43937979,16.672423,14.90534161,14.11347742,3.716378389,4.276372263,2.519557678,1.146522473,1.307677938,4.960909291,7.073721441,6.423847347,2.415645953,3.90179951,2.457346377,2.509954604,2.117192851,1.569908003,1.452639224,1.202493592,-19.20128834,-11.112325,4.759164502,-5.732612367,-10.83504577,-16.01306163,-10.45268659,-9.71488244,-16.78564239,-7.210525494,7.216510879,-3.222657763,-8.717852917,-14.44315363,-9.000047369,-8.512388848
50,3,5,51,770,Virginia,Roanoke city,97032,96912,96722,96776,98092,98860,99443,99733,99572,99436,99920,-190,54,1316,768,583,290,-161,-136,484,333,1454,1456,1489,1405,1518,1573,1509,1484,326,1247,1110,1202,1168,1084,1126,1232,1166,7,207,346,287,237,434,447,277,318,71,434,576,381,461,485,468,441,438,-270,-577,388,99,-107,-620,-1075,-849,-264,-199,-143,964,480,354,-135,-607,-408,174,2,-10,6,1,-8,-9,-1,-5,-8,2126,2111,2106,2180,2115,2126,2236,2115,2113,2113,15.02857911,14.9434489,15.12043544,14.17023444,15.24280034,15.78485236,15.16521949,14.88793916,12.88902211,11.39232711,12.20601974,11.7799529,10.88484556,11.29926495,12.3814118,11.69766649,2.139556998,3.551121785,2.914415695,2.390281539,4.357954774,4.485587416,2.783807686,3.190272678,4.485834479,5.91169407,3.868962996,4.649450588,4.870064666,4.696319711,4.431982634,4.3941491600000004,-5.963885932,3.982182811,1.005321094,-1.079156644,-6.225649677,-10.78748652,-8.532320309,-2.648528261,-1.478051453,9.893876881,4.87428409,3.570293944,-1.35558501,-6.091166805,-4.100337675,1.745620899
50,3,5,51,820,Virginia,Waynesboro city,21006,20998,20994,21102,21069,21173,21312,21558,21798,22336,22628,-4,108,-33,104,139,246,240,538,292,66,294,296,274,295,294,344,365,341,86,242,248,246,243,293,284,248,232,-20,52,48,28,52,1,60,117,109,0,5,18,24,68,72,71,69,68,14,55,-97,55,20,172,110,351,116,14,60,-79,79,88,244,181,420,184,2,-4,-2,-3,-1,1,-1,1,-1,192,192,192,192,192,192,192,192,192,192,13.96807298,14.03808304,12.9728706,13.88725433,13.71588523,15.86862257,16.54053564,15.16768971,11.49752946,11.76163714,11.6471758,11.43933153,13.66923256,13.10083956,11.23850093,10.3193666,2.47054352,2.276445899,1.325694806,2.447922796,0.046652671,2.767783006,5.302034713,4.848323103,0.237552262,0.853667212,1.136309834,3.201129811,3.358992302,3.27520989,3.126840984,3.024641936,2.613074877,-4.600317754,2.604043369,0.941508768,8.024259389,5.074268844,15.90610414,5.159683302,2.850627138,-3.746650542,3.740353203,4.142638578,11.38325169,8.349478734,19.03294512,8.184325238
40,3,5,54,0,West Virginia,West Virginia,1852994,1853001,1854214,1856074,1856764,1853873,1849467,1841996,1830929,1817048,1805832,1213,1860,690,-2891,-4406,-7471,-11067,-13881,-11216,5104,20466,20676,20926,20571,20088,19416,18547,18010,5233,21908,21492,22253,21666,22782,22459,22629,22551,-129,-1442,-816,-1327,-1095,-2694,-3043,-4082,-4541,82,1867,890,634,996,1268,1037,332,386,1318,1501,730,-2124,-4254,-5989,-9046,-10107,-7029,1400,3368,1620,-1490,-3258,-4721,-8009,-9775,-6643,-58,-66,-114,-74,-53,-56,-15,-24,-32,49406,49403,49450,49746,49530,48722,48090,47470,47895,47916,11.0320277,11.13757185,11.27892596,11.10943095,10.88348983,10.57250012,10.16837551,9.942366294,11.80932585,11.57712779,11.99416704,11.70078902,12.34307374,12.22949012,12.40632822,12.44921168,-0.77729815,-0.439555941,-0.715241076,-0.591358071,-1.45958391,-1.656990001,-2.237952706,-2.506845383,1.006390879,0.479417632,0.341720303,0.537892821,0.686990497,0.56467257,0.182018692,0.213090138,0.809101612,0.393230192,-1.144816914,-2.297385603,-3.244783979,-4.925774417,-5.541153357,-3.880338294,1.81549249,0.872647824,-0.803096611,-1.759492782,-2.557793482,-4.361101847,-5.359134666,-3.667248156
50,3,5,54,9,West Virginia,Brooke County,24069,24067,23995,23828,23691,23604,23384,23205,22680,22390,22203,-72,-167,-137,-87,-220,-179,-525,-290,-187,56,191,166,203,182,211,196,189,190,107,365,327,328,302,344,366,322,293,-51,-174,-161,-125,-120,-133,-170,-133,-103,1,-2,-2,-7,-5,-3,-5,-7,-7,-21,14,29,49,-91,-40,-352,-149,-77,-20,12,27,42,-96,-43,-357,-156,-84,-1,-5,-3,-4,-4,-3,2,-1,0,872,872,872,872,872,873,851,750,726,727,7.987788303,6.986679013,8.584416957,7.746658721,9.05793213,8.543096873,8.386953628,8.52151683,15.26462163,13.76291589,13.87038799,12.85434579,14.76743437,15.95292579,14.28888396,13.14107595,-7.276833323,-6.776236874,-5.285971033,-5.107687069,-5.709502243,-7.40982892,-5.901930331,-4.619559124,-0.083641762,-0.084176856,-0.296014378,-0.212820295,-0.128785765,-0.217936145,-0.310627912,-0.31395062,0.585492336,1.220564406,2.072100645,-3.873329361,-1.717143532,-15.34270459,-6.611936987,-3.453456821,0.501850574,1.13638755,1.776086267,-4.086149655,-1.845929297,-15.56064073,-6.922564899,-3.767407441
50,3,5,54,19,West Virginia,Fayette County,46039,46049,46033,45919,45861,45560,45161,44706,44167,43577,43018,-16,-114,-58,-301,-399,-455,-539,-590,-559,141,565,551,575,548,501,474,424,415,180,640,619,669,645,679,612,665,646,-39,-75,-68,-94,-97,-178,-138,-241,-231,2,18,3,8,10,20,19,9,9,25,-51,15,-213,-310,-296,-419,-358,-338,27,-33,18,-205,-300,-276,-400,-349,-329,-4,-6,-8,-2,-2,-1,-1,0,1,1840,1840,1840,1840,1836,1843,1835,1813,1840,1840,12.28902036,12.0069732,12.57916671,12.08099558,11.14981028,10.66690671,9.664478483,9.58484901,13.92030625,13.48877751,14.63558701,14.21941998,15.11121991,13.77246183,15.15773158,14.92003003,-1.631285888,-1.481804315,-2.056420297,-2.1384244,-3.961409639,-3.105555118,-5.4932531000000004,-5.335181015,0.391508613,0.06537372,0.175014493,0.220456124,0.445102207,0.427576429,0.205142232,0.207864195,-1.109274404,0.326868599,-4.659760886,-6.834139835,-6.587512658,-9.429185467,-8.160102115,-7.806455338,-0.717765791,0.392242319,-4.484746393,-6.613683712,-6.142410451,-9.001609038,-7.954959883,-7.598591143
50,3,5,54,29,West Virginia,Hancock County,30676,30672,30663,30611,30448,30366,30248,29968,29666,29425,29094,-9,-52,-163,-82,-118,-280,-302,-241,-331,70,303,295,291,274,290,243,224,224,77,378,412,388,404,438,366,433,438,-7,-75,-117,-97,-130,-148,-123,-209,-214,-1,11,14,5,24,14,11,-2,-2,4,16,-55,15,-6,-142,-190,-27,-114,3,27,-41,20,18,-128,-179,-29,-116,-5,-4,-5,-5,-6,-4,0,-3,-1,226,226,226,226,226,226,226,226,226,226,9.890002285,9.662785175,9.570164765,9.040815653,9.631991497,8.149713251,7.581526798,7.655633213,12.33802265,13.49514404,12.76021969,13.33025374,14.54762854,12.27487675,14.65536207,14.96949709,-2.448020368,-3.832358866,-3.190054922,-4.289438084,-4.91563704,-4.125163497,-7.073835271,-7.313863873,0.359042987,0.458572856,0.164435821,0.791896262,0.464992693,0.368917061,-0.067692204,-0.068353868,0.522244345,-1.801536219,0.493307462,-0.197974065,-4.7163544569999996,-6.372203776,-0.913844748,-3.896170475,0.881287332,-1.342963363,0.657743283,0.593922196,-4.251361764,-6.003286716,-0.981536951,-3.964524343
50,3,5,54,39,West Virginia,Kanawha County,193063,193051,192913,192157,192234,191530,190353,188270,186162,183310,180454,-138,-756,77,-704,-1177,-2083,-2108,-2852,-2856,507,2097,2262,2222,2219,2037,2017,1957,1845,581,2466,2309,2482,2455,2541,2444,2533,2496,-74,-369,-47,-260,-236,-504,-427,-576,-651,2,104,122,68,133,128,89,27,27,-39,-465,41,-486,-1063,-1710,-1767,-2306,-2237,-37,-361,163,-418,-930,-1582,-1678,-2279,-2210,-27,-26,-39,-26,-11,3,-3,3,5,3163,3161,3159,3124,3179,3135,3172,3201,3339,3338,10.89152622,11.76926619,11.58003356,11.62136047,10.76004363,10.77365183,10.59349558,10.14393948,12.80806087,12.01380886,12.93503299,12.85734112,13.42232247,13.05443979,13.71145851,13.72318316,-1.916534656,-0.244542666,-1.354999427,-1.235980654,-2.662278837,-2.280787967,-3.117962931,-3.579243685,0.540161529,0.634770325,0.354384466,0.696548419,0.676134308,0.475386719,0.146154512,0.148447895,-2.415145298,0.213324454,-2.532806621,-5.567150148,-9.032731767,-9.438295872,-12.48267798,-12.29918299,-1.874983769,0.848094779,-2.178422155,-4.870601729,-8.35659746,-8.962909153,-12.33652347,-12.15073509
50,3,5,54,49,West Virginia,Marion County,56418,56418,56533,56670,56745,56710,56780,56744,56497,56369,56097,115,137,75,-35,70,-36,-247,-128,-272,172,685,640,663,646,630,640,640,621,116,658,634,657,636,711,724,652,666,56,27,6,6,10,-81,-84,-12,-45,3,44,3,51,9,8,6,-5,-5,59,74,72,-84,61,43,-167,-108,-220,62,118,75,-33,70,51,-161,-113,-225,-3,-8,-6,-8,-10,-6,-2,-3,-2,1340,1340,1340,1340,1340,1310,1343,1356,1332,1333,12.10215277,11.2859851,11.68745318,11.38426293,11.09897467,11.30332653,11.34088211,11.04333754,11.62513361,11.18017899,11.58168437,11.20803595,12.5259857,12.78688814,11.55352365,11.84357939,0.47701916,0.10580611,0.105768807,0.17622698,-1.427011029,-1.483561608,-0.21264154,-0.800241851,0.777364558,0.052903055,0.89903486,0.158604282,0.140939361,0.105968686,-0.088600641,-0.088915761,1.307385847,1.269673324,-1.480763298,1.07498458,0.757549065,-2.949461767,-1.913773856,-3.912293493,2.084750404,1.322576379,-0.581728439,1.233588863,0.898488425,-2.843493081,-2.002374497,-4.001209254
50,3,5,54,59,West Virginia,Mingo County,26839,26834,26769,26601,26189,26013,25739,25320,24723,24138,23785,-65,-168,-412,-176,-274,-419,-597,-585,-353,95,355,364,350,325,342,293,282,269,114,341,359,378,384,354,348,381,383,-19,14,5,-28,-59,-12,-55,-99,-114,0,41,1,16,0,0,0,0,0,-47,-225,-427,-163,-214,-413,-543,-490,-240,-47,-184,-426,-147,-214,-413,-543,-490,-240,1,2,9,-1,-1,6,1,4,1,85,85,85,85,85,85,85,85,85,85,13.30335394,13.79049062,13.40944791,12.55990107,13.39626706,11.70992946,11.54294836,11.22634226,12.77871463,13.60106081,14.48220375,14.84000618,13.86631152,13.90803909,15.59526002,15.98397429,0.524639311,0.189429816,-1.072755833,-2.280105117,-0.470044458,-2.198109626,-4.05231166,-4.757632035,1.536443695,0.037885963,0.613003333,0,0,0,0,0,-8.431703204,-16.17730631,-6.244971457,-8.270211779,-16.17736344,-21.70133685,-20.05689609,-10.01606744,-6.895259509,-16.13942034,-5.631968124,-8.270211779,-16.17736344,-21.70133685,-20.05689609,-10.01606744
50,3,5,54,69,West Virginia,Ohio County,44443,44448,44495,44221,44011,43751,43261,42996,42666,42056,41755,47,-274,-210,-260,-490,-265,-330,-610,-301,106,464,502,480,454,476,443,390,388,109,583,596,598,554,615,546,556,558,-3,-119,-94,-118,-100,-139,-103,-166,-170,3,35,3,2,7,12,7,-10,-10,51,-188,-115,-141,-398,-136,-233,-435,-119,54,-153,-112,-139,-391,-124,-226,-445,-129,-4,-2,-4,-3,1,-2,-1,1,-2,2618,2618,2618,2596,2524,2495,2379,2380,2385,2385,10.46034537,11.37909149,10.93867505,10.43534225,11.03678542,10.34297588,9.206581526,9.258927826,13.14306326,13.5098377,13.627766,12.73387579,14.25971226,12.74777614,13.12528033,13.31567455,-2.682717886,-2.130746215,-2.689090951,-2.298533536,-3.222926835,-2.404800261,-3.918698803,-4.056746728,0.789034672,0.068002539,0.045577813,0.160897348,0.278238288,0.163433028,-0.236066193,-0.23863216,-4.238243383,-2.606763986,-3.213235797,-9.148163472,-3.153367263,-5.439985058,-10.26887939,-2.839722709,-3.449208711,-2.538761447,-3.167657984,-8.987266124,-2.875128975,-5.27655203,-10.50494559,-3.07835487
50,3,5,54,79,West Virginia,Putnam County,55486,55495,55627,56032,56449,56499,56634,56600,56680,56665,56682,132,405,417,50,135,-34,80,-15,17,117,606,608,596,634,635,577,520,516,87,528,528,579,562,592,568,625,590,30,78,80,17,72,43,9,-105,-74,6,21,25,17,13,8,8,0,0,96,309,315,21,59,-80,67,95,96,102,330,340,38,72,-72,75,95,96,0,-3,-3,-5,-9,-5,-4,-5,-5,249,249,249,249,249,249,249,249,249,249,10.85447658,10.8107147,10.55352906,11.20804717,11.2157126,10.18714689,9.175526049,9.104784423,9.45736573,9.388252238,10.25250558,9.935209002,10.4562234,10.02824859,11.0282765,10.41050932,1.397110846,1.42246246,0.30102348,1.272838164,0.759489199,0.158898305,-1.852750452,-1.305724898,0.376145228,0.444519519,0.30102348,0.229818002,0.141300316,0.141242938,0,0,5.534708353,5.600945938,0.371852534,1.043020162,-1.413003162,1.182909605,1.676298028,1.693913381,5.910853581,6.045465456,0.672876014,1.272838164,-1.271702845,1.324152542,1.676298028,1.693913381
50,3,5,54,89,West Virginia,Summers County,13927,13926,13940,13856,13835,13592,13329,13134,12975,12891,12760,14,-84,-21,-243,-263,-195,-159,-84,-131,31,126,116,110,96,97,115,111,100,33,213,179,186,199,201,198,204,176,-2,-87,-63,-76,-103,-104,-83,-93,-76,-1,3,-2,-4,-8,-2,-2,-2,-2,18,1,47,-166,-154,-90,-73,11,-53,17,4,45,-170,-162,-92,-75,9,-55,-1,-1,-3,3,2,1,-1,0,0,1329,1329,1329,1329,1313,1210,1092,1134,1107,1103,9.066052669,8.378173414,8.021292887,7.131978753,7.33099044,8.809222873,8.58269543,7.79696698,15.32594618,12.92838829,13.56327706,14.78399762,15.19102143,15.16718373,15.77360241,13.72266189,-6.25989351,-4.550214871,-5.541984176,-7.65201887,-7.860030987,-6.357960856,-7.190906982,-5.925694905,0.215858397,-0.144451266,-0.291683378,-0.594331563,-0.151154442,-0.153203876,-0.154643161,-0.15593934,0.071952799,3.394604745,-12.10486017,-11.44088258,-6.801949892,-5.591941476,0.850537385,-4.132392499,0.287811196,3.25015348,-12.39654355,-12.03521415,-6.953104334,-5.745145352,0.695894224,-4.288331839
50,3,5,54,99,West Virginia,Wayne County,42481,42495,42455,42180,41873,41829,41507,41195,40702,40192,39944,-40,-275,-307,-44,-322,-312,-493,-510,-248,98,383,386,477,468,420,424,407,359,93,492,446,469,490,538,514,522,544,5,-109,-60,8,-22,-118,-90,-115,-185,2,8,3,-7,-9,-9,-9,-8,-6,-44,-174,-251,-38,-295,-183,-394,-388,-54,-42,-166,-248,-45,-304,-192,-403,-396,-60,-3,0,1,-7,4,-2,0,1,-3,246,246,246,246,246,246,246,246,246,246,9.050629172,9.184681094,11.39757712,11.23164059,10.15694905,10.35446964,10.06255099,8.959768394,11.6263957,10.61235173,11.20642279,11.75962369,13.01056806,12.55235235,12.90577793,13.57691924,-2.575766527,-1.427670636,0.191154333,-0.527983105,-2.853619018,-2.197882706,-2.843226939,-4.617150844,0.189047085,0.071383532,-0.167260042,-0.215993088,-0.217648908,-0.219788271,-0.1977897,-0.149745433,-4.111774089,-5.972422162,-0.907983083,-7.079773447,-4.425527799,-9.62184207,-9.592800455,-1.347708895,-3.922727004,-5.90103863,-1.075243124,-7.295766535,-4.643176707,-9.841630341,-9.790590155,-1.497454328
50,3,5,54,109,West Virginia,Wyoming County,23796,23802,23726,23455,23207,22939,22576,22173,21770,21248,20786,-76,-271,-248,-268,-363,-403,-403,-522,-462,54,271,243,230,219,218,205,194,181,100,352,332,332,324,322,341,321,336,-46,-81,-89,-102,-105,-104,-136,-127,-155,0,-1,0,0,0,-1,-1,-1,-1,-28,-192,-161,-165,-264,-302,-267,-395,-307,-28,-193,-161,-165,-264,-303,-268,-396,-308,-2,3,2,-1,6,4,1,1,1,56,56,56,56,56,56,56,56,56,56,11.48767512,10.41532725,9.968361288,9.623201143,9.743234486,9.330268757,9.019480218,8.612075939,14.92126068,14.22999443,14.38911282,14.2370647,14.39138305,15.52010559,14.92398531,15.9870581,-3.433585554,-3.814667181,-4.420751528,-4.613863561,-4.648148562,-6.189836834,-5.904505091,-7.374982157,-0.042389945,0,0,0,-0.044693736,-0.045513506,-0.046492166,-0.04758053,-8.13886946,-6.900690069,-7.151215707,-11.60057124,-13.49750832,-12.15210614,-18.3644056,-14.60722272,-8.181259405,-6.900690069,-7.151215707,-11.60057124,-13.54220206,-12.19761964,-18.41089776,-14.65480325
